Date,Location,Aboard,Fatalities
1908-09-17,"Fort Myer, Virginia",2,1
1912-07-12,"AtlantiCity, New Jersey",5,5
1913-08-06,"Victoria, British Columbia, Canada",1,1
1913-09-09,Over the North Sea,20,14
1913-10-17,"Near Johannisthal, Germany",30,30
1915-03-05,"Tienen, Belgium",41,21
1915-09-03,"Off Cuxhaven, Germany",19,19
1916-07-28,"Near Jambol, Bulgeria",20,20
1916-09-24,"Billericay, England",22,22
1916-10-01,"Potters Bar, England",19,19
1916-11-21,"Mainz, Germany",28,27
1916-11-28,"Off West Hartlepool, England",20,20
1917-03-04,"Near Gent, Belgium",20,20
1917-03-30,Off Northern Germany,23,23
1917-05-14,"Near Texel Island, North Sea",21,21
1917-06-14,"Off Vlieland Island, North Sea",24,24
1917-08-21,Off western Denmark,18,18
1917-10-20,"Near Luneville, France",18,18
1918-04-07,Over the Mediterranean,23,23
1918-05-10,"Off Helgoland Island, Germany",22,22
1918-08-11,"Ameland Island, North Sea",19,19
1918-12-16,"Elizabeth, New Jersey",1,1
1919-05-25,"Cleveland, Ohio",1,1
1919-07-19,"Dix Run, Pennsylvania",1,1
1919-10-02,"Newcastle, England",1,1
1919-10-14,"Cantonsville, Maryland",1,1
1919-10-20,English Channel,,
1919-10-30,"Long Valley, New Jersey",1,1
1920-03-10,"New Paris, Indiana",1,1
1920-03-30,"Newark, New Jersey",1,1
1920-04-10,"Newark, New Jersey",2,1
1920-04-11,"Heller Field, New Jersey",2,1
1920-05-12,"Oskaloosa, Iowa",2,1
1920-06-06,"Cleveland, Ohio",1,1
1920-08-16,"Bedford, England",1,1
1920-08-16,"College Park, Maryland",1,1
1920-09-01,"Morristown, New Jersey",2,2
1920-09-15,"Pemberville, Ohio",2,2
1920-09-27,"Hillersburg, Pennsylvania",1,1
1920-10-02,"Off Port Vendres, France",2,2
1920-10-05,"Valencia, Spain",2,2
1920-10-15,"Batavia, Illinois",1,1
1920-11-07,"Tie Siding, Wyoming",1,1
1920-12-14,"Cricklewood, England",8,4
1920-12-24,"Barcelona, Spain",1,1
1921-02-03,"Mendotta, Minnisota",1,1
1921-02-09,"La Crosse, Wisconsin",3,3
1921-02-15,Off Gibraltar,2,2
1921-02-22,"Elko, Nevada",1,1
1921-04-06,"Point Cook, Australia",2,1
1921-04-21,"Mitchel Field, NY",1,1
1921-04-29,"Cleveland, Ohio",1,1
1921-05-17,"Rock Springs, Wyoming",1,1
1921-07-16,"San Francisco, California",1,1
1921-08-14,"Toulouse, France",2,2
1921-08-24,"River Humber, England",46,46
1921-09-06,"Paris, France",5,5
1921-12-05,"Near Murchinson River, Australia",3,3
1922-01-14,"Paris, France",5,5
1922-02-21,"Near Norfolk, Virginia",45,34
1922-04-07,"Grandvilliers, France",7,7
1922-04-08,"Pao Ting Fou, China",17,17
1922-04-13,"Brooklands, England",3,3
1925-10-01,"Nittany Mt, Ohio",1,1
1922-06-03,"Off Folkestone, Kent, England",3,3
1922-07-26,"Cadix, Spain",3,3
1922-09-07,"Indianapolis, Indiana",1,1
1922-10-02,"Venice, Italy",4,4
1922-10-25,"Larache, Morocco",2,2
1922-12-03,"Fez, Morocco",1,1
1923-01-10,"Ajaccio, France",4,3
1923-01-17,"Barcelona, Spain",1,1
1923-01-18,"Cheyenne, Wyoming",1,1
1923-02-26,"Meadville, Pennsylvania",1,1
1923-05-14,"Monsures, France",6,6
1923-08-27,"Bucharest, Romania",2,2
1923-09-07,"Colton, Ohio",1,1
1923-09-14,"Berks, England",6,6
1923-11-18,Russia,4,2
1923-12-06,"Castalia, Ohio",1,1
1923-12-23,Over the Mediterranean Sea,52,52
1923-12-24,"Egbert, WY",1,1
1924-03-07,"Grampian, Pennsylvania",1,1
1924-04-24,Over the English Channel,3,3
1924-06-08,"Barranquilla, Colombia",3,3
1924-08-01,United States,1,1
1924-11-06,"Cabrerolles, France",1,1
1924-12-21,"Goshen, Indiana",1,1
1924-12-24,"Purley, England",8,8
1925-03-22,"Near Tiflies, Georgia, USSR",5,5
1925-04-25,"Alicante, Spain",4,4
1925-05-25,"Alicante, Spain",2,2
1925-06-25,"Landrécies, France",4,4
1925-06-26,"Alicante, Spain",2,2
1925-07-20,"Rosas, Spain",1,1
1925-07-24,"Budapest, Hungary",1,1
1925-09-03,"Caldwell, Ohio",43,14
1925-09-07,"Toul, France",3,3
1925-11-14,"Off Boulogne-sur-Mer, France",2,2
1926-02-12,"Montpelier, Ohio",1,1
1926-03-08,"Staaken, Germany",1,1
1926-05-31,English Channel,1,1
1926-07-03,"Rossaugpt, Czechoslovakia",7,7
1926-07-09,"Wolvertem, Belgium",2,2
1926-07-24,"Juist, Germany",4,4
1926-08-18,"Hurst, Kent, England",4,4
1926-09-26,"New York, New York",5,2
1926-10-08,"Bueren, Germany",4,4
1926-10-21,English Channel,12,0
1926-11-11,"Cape Bojador, Morocco",3,3
1926-12-16,"Medford, Oregon",1,1
1927-01-12,"Lille, France",2,2
1927-03-20,"Rabat, Morocco",1,1
1927-03-24,"Tambo, Qld, Australia",3,3
1927-04-15,"King Hill, Idaho",1,1
1927-04-22,"Goshen, Indiana",1,1
1927-04-22,"Floh, Germany",2,2
1927-05-02,"Algiers, Algeria",3,1
1927-07-27,"Amoneburg, Germany",5,5
1927-08-22,"Sevenoaks, England",11,1
1927-09-03,"Willington, Connecticut",1,1
1927-09-17,"Hadley, New Jersey",12,7
1927-09-22,"Saale, Germany",4,2
1927-09-23,"Schleiz, Germany",6,6
1927-10-06,"Thies, Mauritania",2,2
1927-10-30,"New Brunswick, New Jersey",4,4
1927-11-16,"Strasburg, France",1,1
1927-11-16,Over the Gulf of Finland,6,6
1927-11-29,"Corunna, Indiana",1,1
1927-12-26,"Almeria, Spain",2,2
1927-12-28,"Abuerio, Spain",1,1
1927-12-31,France,4,4
1928-01-08,"Near Canajoharie, New York",3,3
1928-01-16,"Solis, Uruguay",2,2
1928-01-22,"Tarragona, Spain",2,2
1928-01-22,France,2,1
1928-01-27,"Almeria, Spain",1,1
1928-02-26,"Marquette, Nebraska",2,1
1928-03-03,"Rio de Janeiro, Brazil",10,10
1928-03-11,"Off Cape Griz Nez, France",2,2
1928-04-17,"Federal, Wyoming",2,1
1928-04-19,"Minuesa, Spain",9,9
1928-05-07,,1,1
1928-05-12,"Dearborn, Minnesota",2,2
1928-05-26,"Radevormwald, Germany",5,3
1928-06-14,"Frankfurt, Germany",5,5
1928-06-22,"Lebo, Kansas",1,1
1928-07-10,Over the Gulf of Finland,6,6
1928-07-13,"Purley, England",4,4
1928-07-24,"Waalhaven harbor, Netherlands",1,1
1928-08-25,"Near Port Townsend, BC, Canada",7,7
1928-09-02,"Toul, France",3,3
1928-09-04,"Adelaide Hills, Australia",2,1
1928-09-04,"Pocatello, Idaho",7,7
1928-09-06,"Heroldbach, Germany",3,3
1928-10-04,"Gerona, Spain",3,3
1928-10-18,"Polk, Pennsylvania",1,1
1928-10-31,"Valence, France",2,1
1928-11-15,Off Gibraltar,2,1
1928-11-24,"Edgerton, Ohio",3,3
1928-11-25,"Bristolville, Ohio",1,1
1928-11-25,"Edgerton, Ohio",3,3
1928-12-01,"Spur, Texas",5,5
1928-12-03,Brazil,14,14
1928-12-04,"Rio de Janeiro, Brazil",6,6
1928-12-11,"Letzlingen, Germany",4,3
1928-12-20,"Huron, Ohio",1,1
1928-12-23,"Chattanooga, Tennessee",4,4
1928-12-31,"Reims, France",3,2
1929-01-05,"Stafford Springs, Connecticut",1,1
1929-01-18,"Cove, Oregon",1,1
1929-01-25,"Near Corfu, Greece",9,2
1929-01-31,"Morgantown, West Virginia",1,1
1929-01-31,Off Morocco,2,2
1929-03-17,"Newark, New Jersey",15,14
1929-03-30,"Near Beaumont, California",4,4
1929-04-21,"San Diego, California",6,6
1929-05-18,Hungary,2,2
1929-05-22,Algiers,5,4
1929-06-10,"Santiago de Cuba, Cuba",5,2
1929-06-14,"Barcelona, Spain",2,1
1929-06-17,"Off Dungeness, England",13,7
1929-06-24,"St. Paul, Minnesota",8,1
1929-06-29,"Lake Constance, Switzerland",5,5
1929-06-29,"Columbus, Ohio",1,1
1929-08-11,"Clovis, New Mexico",4,4
1929-08-13,"Perpignan, France",1,1
1929-08-24,"Sochi, Russia",1,1
1929-08-24,"Elm, Germany",5,4
1929-09-02,"Needles, California",2,1
1929-09-03,"Mt. Taylor, New Mexico",8,8
1929-09-06,"Jask, Iran",5,3
1929-09-17,"Off Larache, Morocco",5,5
1929-09-17,"Jacumba, California",2,1
1929-09-17,"Mt Lamentation, Connecticut",1,1
1929-10-26,"Off Spezia, Italy",7,7
1929-10-29,"Mount Vernon, Ohio",1,1
1929-10-31,"Off Bremerton, Washington",2,2
1929-11-04,"Cerro del Carbon, Mexico",4,4
1929-11-06,"Near Godstone, Surrey, England",8,7
1929-11-15,"Off Corsica, France",3,3
1929-11-30,"Vancouver, Washington",1,1
1929-12-02,"Chagrin Falls, Ohio",1,1
1929-12-14,Mediterranean Sea,3,3
1929-12-19,"Near Berlin, Germany",3,2
1929-12-30,"Amarillo, Texas",5,5
1930-01-10,"Brawnson, Nebraska",1,1
1930-01-13,"Antananarivo, Madagascar",3,3
1930-01-19,"Oceanside, California",16,16
1930-01-25,"Off Ceuta, Spain",2,2
1930-01-27,"Kansas City, Kansas",5,5
1930-02-03,"Hartford, Connecticut",1,1
1930-02-10,"Marden, England",2,2
1930-04-18,"Jersey City, New Jersey",4,4
1930-05-10,Buenos Aires,4,3
1930-06-05,"Boston, Massachusetts",15,1
1930-07-07,"Bornholm, Denmark",8,5
1930-07-10,"Arkansas Pass, Texas",5,5
1930-08-22,"Iglau, Czechoslovakia",11,10
1930-09-11,"Croydon, England",2,2
1930-09-25,"Southesk, Saskatchewan, Canada",3,3
1930-10-05,"Near Beauvais, France",54,48
1930-10-06,"Dresden, Germany",8,8
1930-10-12,"La Rache, Morocco",4,4
1930-10-28,"Prince Rupert, BC, Canada",3,3
1930-10-30,"Near Neufchatel, France",6,3
1930-10-30,"Brookston, Indiana",1,1
1930-11-07,"Off of Santos, Brazil",9,1
1930-11-18,"Techachapi Mountains, California",3,3
1930-12-09,"Shanghai, China",6,4
1931-01-08,"Melle, Belgium",2,2
1931-01-22,"Bluff Mountain, Washington",1,1
1931-02-08,"Wairoa, New Zealand",1,1
1931-02-20,"Bagot, Manitoba, Canada",3,2
1931-02-24,Off Spain,3,1
1931-03-21,"New South Wales, Australia",8,8
1931-03-31,"Bazaar, Kansas",8,8
1931-04-14,"Near Letschen, Germany",10,2
1931-05-05,"Burbank, California",2,2
1931-05-22,"Wampit, Australia",1,1
1931-05-24,"Bellefonte, Pennsylvania",1,1
1931-06-07,"Near Sandoway, Burma",4,4
1931-06-11,"Walbridge, Ohio",3,2
1931-06-13,"Saarbrucken, Germany",4,4
1931-07-12,"Chicago, Illinois",2,2
1931-07-14,"Temora, Australia",2,2
1931-07-21,"Centralia, Illinois",1,1
1931-07-24,"Kurudjevo, Bulgaria",7,7
1931-08-09,"Cincinnati, Ohio",6,6
1931-09-14,"Chicago, Illinois",1,1
1931-09-16,"Oakland, California",4,4
1931-10-06,"Novia Scotia, Canada",3,3
1931-10-14,Brazil,3,3
1931-11-05,"Camden, New Jersey",5,5
1931-11-13,"Sir Lowry's pass, South Africa",3,3
1931-11-23,"Salt Lake City, Utah",1,1
1931-11-24,"Near Tsinan, China",3,3
1931-11-26,"Pasco, Washington",1,1
1931-12-05,"Kewanee, Illinois",6,2
1931-12-06,"Bangkok, Thailand",7,5
1931-12-09,Off Algiers,2,2
1931-12-31,"Springfield, Ohio",5,4
1932-01-21,"Colvin Park, Ilinois",1,1
1932-01-29,"Lebec, California",8,8
1932-02-01,"Off Miami, Florida",5,5
1932-02-02,"Marcellus, Michigan",1,1
1932-02-02,"Rio Vista, California",2,1
1932-02-27,"Off Setiba, Brazil",3,3
1932-03-08,"Saint Louis, Illinois",5,2
1932-03-19,"Calimesa, California",7,7
1932-03-21,"Steubenville, Ohio",1,1
1932-03-29,Syria,3,3
1932-03-31,"Bedford, Ohio",1,1
1932-04-21,"Fort Wayne, Indiana",1,1
1932-05-03,"Portland, Oregon",2,2
1932-05-16,"Burbank, California",3,3
1932-07-16,"Mount El Plomo, near Vitacura, Chile",9,9
1932-08-12,"Beyrouth, Lebanon",7,1
1932-08-30,"Tubergen, Germany",2,2
1932-09-08,"Salt Flats, Texas",4,3
1932-09-17,"Selsdon Park, England",2,1
1932-09-18,"Byron Bay, Australia",3,3
1932-10-12,"Port Etienne, Mauritania",1,1
1932-10-26,"Villa Monte, Bolivia",2,2
1932-10-29,"Ramsgate, England",2,2
1932-11-02,"Echterpfuhl, Germany",5,5
1932-11-25,"Marianna, Arkansas",2,2
1932-12-14,"Amarillo, Texas",2,2
1932-12-14,"Rocky Ridge, Colorado",1,1
1932-12-26,"Wau, Australia",2,2
1933-01-10,Algiers,1,1
1933-01-14,"Newark, New Jersey",2,2
1933-01-20,"Marietta, Georgia",1,1
1933-01-20,"Bourne, Texas",1,1
1933-01-24,"Eugene, Oregon",3,1
1933-03-11,"Near Mendoza, Argentina",2,2
1933-03-25,"Hayward, California",3,3
1933-03-28,"Near Dixmude, Belgium",15,15
1933-04-03,"Hemkenrode, Germany",2,1
1933-04-04,"Off Barnegat, New Jersey",76,73
1933-04-23,"Mt. Terrione, Italy",6,6
1933-04-29,"Traunstein, Germany",4,4
1933-05-09,"Viladrau, Spain",6,6
1933-06-02,"Bowling Green, Virginia",1,1
1933-08-29,"Quay, New Mexico",5,5
1933-09-12,"Ljubljana, Yugoslavia",8,8
1933-10-10,"Chesterton, Indiana",10,10
1933-10-31,"Etobon, France",2,2
1933-11-09,"Portland, Oregon",9,4
1933-11-10,"Moriarty, New Mexico",1,1
1933-11-20,"Near Tsinan, China",8,8
1933-11-21,"Near Kharkov, Ukraine, USSR",20,14
1933-11-24,"Wedron, Illinois",2,2
1933-12-11,"Hamburg, Germany",8,7
1933-12-14,"Eshowe, South Africa",6,4
1933-12-30,"Near Ruysselede, Belgium",10,10
1934-01-15,"Corbigny, France",14,14
1934-01-20,"Carombe, France",2,2
1934-02-23,"Near Salt Lake City, Utah",8,8
1934-02-26,"Rio de Oro, Morocco",6,1
1934-03-06,"Petersburg, Illinois",4,4
1934-03-10,"Pereira, Colombia",6,5
1934-03-22,"Near Lima, Peru",15,3
1934-04-10,"Ningpo Bay, China",3,3
1934-05-09,English Channel,6,6
1934-05-31,"Croydon, England",2,2
1934-06-09,"Mongaup Mountain, New York",7,7
1934-06-11,"Junin, Argentina",10,5
1934-06-22,"Chausseehausen, Germany",7,1
1934-06-23,"Burbank, California",1,1
1934-07-09,"San Bernardino, California",4,3
1934-07-27,"Near Tuttlingen, Germany",12,12
1934-08-05,"Bahia, Brazil",2,2
1934-08-10,"Ningbo, China",,
1934-08-31,"Amazonia, Missouri",5,5
1934-10-03,"Near Winton, Australia",3,3
1934-10-19,"Bass Strait, Australia",11,11
1934-11-02,"Kiapit, Australia",4,2
1934-11-15,"Near Longreach, Australia",4,4
1934-11-15,"Near Longreach, NSW, Australia",4,4
1934-11-15,"Amazonia, Montana",2,2
1934-12-07,"Salchau, Germany",3,3
1934-12-08,"Columbia, Missouri",1,1
1934-12-10,"Palma Soriano, Cuba",8,4
1934-12-20,"Rutbah Wells, Syria",7,7
1934-12-22,"Sunbright, Tennessee",1,1
1935-01-26,"Pittsburgh, Pennsylvania",1,1
1935-01-31,"Stettin, Germany",11,11
1935-03-07,"Schievelbein, Germany",,3
1935-03-15,"El Arish, Egypt",6,3
1935-03-29,"Off Samland, Germany",5,5
1935-04-01,"Beauvais, France",3,1
1935-04-06,"Brilon, Germany",7,7
1935-05-01,"Near Walsenberg, Colorado",1,1
1935-05-06,"Atlanta, Missouri",14,5
1935-05-18,"Flint, Michigan",12,3
1935-05-18,"Near Moscow, Russia",50,50
1935-05-27,"Glendo, Wyoming",1,1
1935-05-28,"Maywood, Illinois",2,2
1935-05-29,"San Barbra, Honduras",9,6
1935-06-24,"Medellin, Colombia",20,17
1935-07-14,"Amsterdam, Netherlands",20,6
1935-07-19,"Off Chandeleur Island, Mississippi",2,2
1935-07-20,"Pian Giacomo, Switzerland",13,13
1935-08-13,"Hangow, China",,
1935-08-14,"Near Gilmer, Texas",4,4
1935-08-15,"Near Glendo, Wyoming",3,3
1935-08-15,"Walakpa, near Point Barrow, Alaska",2,2
1935-09-01,"Burbank, California",3,3
1935-10-02,"Off Finders Island, Victoria, Australia",5,5
1935-10-07,"Near Cheyenne, Wyoming",12,12
1935-10-09,Gulf of Finland,6,6
1935-10-21,"Troy, New York",6,1
1935-10-30,"Cheyenne, Wyoming",4,4
1935-11-02,"Off Nhambupe, Brazil",4,4
1935-11-09,"Near Juticalpa, Honduras",14,14
1935-11-09,"Near Fort Worth, Texas",1,1
1935-11-11,"Istres, France",3,3
1935-12-04,"Tours, France",2,1
1935-12-10,"Croydon, England",11,11
1935-12-24,"Breslau, Germany",3,3
1935-12-31,"Off Alexandria, Egypt",13,12
1936-01-14,"Goodwin, Arkansas",17,17
1936-01-17,"Near Cordillera, Boliva",13,13
1936-01-21,"Off Ajaccio, Corsica, France",6,6
1936-01-29,"Denton, Texas",6,1
1936-02-15,South AtlantiOcean,4,4
1936-03-05,"Near Tengya, China",6,0
1936-03-26,"Amemeca, Mexico",14,14
1936-04-01,"Pavillon, New York",2,2
1936-04-07,"Uniontown, Pennsylvania",15,13
1936-04-11,"Port of Spain, Trinidad",25,3
1936-04-15,"Near Turin, Italy",7,7
1936-04-17,Switzerland,5,3
1936-04-21,"Senlis, France",2,2
1936-04-30,"Basel, Switzerland",2,2
1936-05-16,"Mount Waverley, Australia",2,2
1936-06-09,"Malmo, Sweden",15,1
1936-06-13,"Hannover, Germany",6,1
1936-06-16,"Mt. Lihesten, Norway",7,7
1936-07-31,"Off Channel Islands, Jersey",7,7
1936-08-02,"Mazamet, France",3,3
1936-08-03,Mexico,1,1
1936-08-05,"St. Louis, Missouri",8,8
1936-08-06,"Choco, Colombia",2,2
1936-08-12,"Altenkirchen, Germany",2,2
1936-08-22,"Mirabella, Greece",11,2
1936-09-25,English Channel,2,2
1936-09-28,"Walsenberg, Colorado",3,3
1936-09-29,"Napierville, Illinois",4,4
1936-10-06,Mexico,1,1
1936-10-09,,1,1
1936-11-01,"Near Tabarz, Germany",15,11
1936-11-06,Near Moscow,9,9
1936-11-17,"Nurnberg, Germany",16,4
1936-11-19,"London, England",4,2
1936-12-04,"Near Grenoble, France",6,6
1936-12-07,"Off Dakar, French West Africa",5,5
1936-12-09,"Croydon, England",17,15
1936-12-15,"Near Salt Lake City, Utah",7,7
1936-12-18,"Kellogg, Idaho",2,2
1936-12-19,"Near Milford, Pennsylvania",14,14
1936-12-23,"Near Dallas, Texas",6,6
1936-12-26,"Nanking, China",,
1936-12-27,"Newhall, California",12,12
1937-01-12,"Near Newhall, California",13,5
1937-01-26,"Oran, Algeria",12,12
1937-02-09,"Off San Francisco, California",11,11
1937-02-19,"McPherson Ranges, Queensland, Australia",7,5
1937-03-12,"Bathurst, Gambia",4,4
1937-03-24,"Near Ouroux, France",6,5
1937-03-25,"Clifton, Pennsylvania",13,13
1937-03-26,"Wetnum, Germany",6,2
1937-05-06,"Lakehurst, New Jersey",97,35
1937-05-20,"Stuttgart, Germany",4,4
1937-07-02,"Off Lae, New Guinea",2,2
1937-07-28,"Hal, Belgium",15,15
1937-08-02,"Wadi Halfa, Sudan",9,9
1937-08-03,"Off Cristobal, Panama",14,14
1937-08-08,"Chilang Point, Bias Bay, China",11,3
1937-08-10,"Daytona Beach, Florida",9,4
1937-08-23,"San Luis, Argentina",3,3
1937-08-27,"Wau, Australia",2,1
1938-03-23,"Corsavy, France",8,8
1937-10-01,"Phaleron Bay, Greece",14,2
1937-10-06,"Palembang, Netherlands Indies",5,4
1937-10-17,"Haydens Peak, Wyoming",19,19
1937-11-12,"Mannheim, Germany",12,10
1937-11-16,"Ostende, Belgium",11,11
1937-11-26,"Croydon, London",3,3
1937-12-05,"Brindisi Harbor, Italy",19,2
1937-12-08,"Saint Sauveur, France",7,2
1937-12-24,"Kasperske Hory, Czechoslovakia",3,3
1938-01-04,"Frankfurt, Germany",6,6
1938-01-10,"Bozeman, Montana",10,10
1938-01-11,"Pago Pago, U.S. Samoa",7,7
1938-01-12,"North Pine, Ontario, Canada",1,1
1938-02-02,"Off San Clemente Island, California",14,11
1938-02-05,"Kandalaksha, Russia",19,13
1938-02-09,"Marseille, France",12,8
1938-02-09,"Guadalupe, Mexico",2,2
1938-02-22,"Pontoise, France",3,3
1938-03-01,"Near Wawona, Cailifornia",9,9
1938-03-07,"Datia, India",7,7
1938-03-08,"Somerton, Australia",1,1
1938-04-12,"Near Formia, Italy",19,19
1938-05-05,"Balbuena, Mexico",6,1
1938-05-10,"Mangere, New Zealand",2,2
1938-05-16,"Near Saugus, California",9,9
1938-05-22,"Sao Paulo, Brazil",17,2
1938-05-24,"Cleveland, Ohio",10,10
1938-05-27,Germany,3,3
1938-05-27,"Alberno Canal, BC, Canada",1,1
1938-06-08,Tanganyika,3,3
1938-06-19,"Mount  Mercedario, Chile",4,4
1938-07-08,"Billings, Montana",10,10
1938-07-14,"Off Sardinia, Italy",20,20
1938-07-22,"Stulpica, Romania",14,14
1938-07-24,Near Bogota Colombia,1,1
1938-07-27,"Kisumu, Kenya",4,4
1938-07-29,PacifiOcean between Manila and Guam,15,15
1938-08-10,"Shishijima, Japan",6,6
1938-08-10,"Debrecen, Hungary",12,12
1938-08-13,"Kiel, Germany",17,16
1938-08-15,"Guanabara, Brazil",9,9
1938-08-18,"Bucharest, Romania",7,7
1938-08-18,"Montnago, Italy",13,13
1938-08-24,"Wangmoon, China",17,14
1938-08-29,"Innisfail, Australia",9,5
1938-10-01,"Off Bathurst, Gambia",4,4
1938-10-01,"Grisons, Switzerland",13,13
1938-10-10,"Soest, Germany",20,20
1938-10-25,"Mt. Dandenong, Australia",18,18
1938-11-02,"Somerset, England",2,2
1938-11-04,"Channel Islands, Jersey",14,14
1938-11-14,"Schiphol, Amsterdam",19,6
1938-11-18,"Regina, Saskatchewan, Canada",2,2
1938-11-26,"Bathurst, Gambia",15,11
1938-11-27,"Bagdad, Iraq",6,4
1938-11-29,"Off Point Reyes, California",7,7
1938-12-08,"Off Kubashima, Japan",12,10
1938-12-09,"Amsterdam, Netherlands",4,4
1938-12-12,"Darwin, Australia",13,13
1939-01-07,"Paris, France",9,5
1939-01-13,"Miles City, Montana",4,4
1939-01-13,"Rio de Janeiro, Brazil",9,9
1939-01-18,"Katherine, Australia",4,4
1939-01-21,AtlantiOcean between N.Y. and Bermuda,13,3
1939-02-24,Mediterranean Sea,10,10
1939-03-14,"Haren, Belgium",3,3
1939-03-16,"Manzanares, Colombia",8,8
1939-03-18,"Near Adler, Washington",10,10
1940-08-09,"Hannover, Germany",13,2
1941-06-03,AtlantiOcean,6,6
1939-03-26,"Oklahoma City, Oklahoma",12,8
1939-04-03,"Near Marrakech, Morocco",9,9
1939-05-01,Mocambique,6,2
1939-05-02,"Near Marrakech, Morocco",9,9
1939-05-08,"Guayaquil, Ecuador",1,1
1939-06-10,"Vlissingen, The Netherlands",3,3
1939-07-20,"Konstanz, Switzerland",6,6
1939-08-04,"Barcelona, Spain",7,7
1939-08-13,"Rio de Janerio, Brazil",16,14
1939-08-15,"Off Copenhagen, Denmark",6,5
1939-08-28,"Lahore, India",2,2
1939-08-30,"Hannover, Germany",7,7
1939-09-26,North Sea,,1
1939-11-20,"Gosport, England",2,2
1939-12-18,South of Gibraltar,10,10
1939-12-21,Off Malta-Luqa,11,5
1939-12-24,"Mogador, Morocco",7,7
1940-01-15,"Denpasar, Indonesia",9,8
1940-03-01,Gulf of Oman,8,8
1940-04-22,"Near Loch Lomond, Scotland",3,3
1940-06-02,"El Segundo, California",5,5
1940-06-14,"Off Prangli Island, Gulf of Finland, Estonia",9,9
1940-06-20,"Near Ouistreham, France",1,1
1940-07-07,Gulf of Tonkin,,
1940-08-13,"Near Canberra, Australia",10,10
1940-08-23,"Cluj, Romania",18,14
1940-08-31,"Near Lovettsville, Virginia",25,25
1940-10-29,"Near Changyi, China",14,9
1940-10-29,"Berlin, Germany",15,2
1940-11-04,"Near Centerville, Utah",10,10
1940-11-08,"Brauna, Germany",29,29
1940-11-09,"Rio de Janeiro, Brazil",18,18
1940-11-27,Mediterranean Sea,6,6
1940-12-04,"Chicago, Illinois",16,10
1941-01-15,Off South Africa,10,10
1941-01-18,"Near Nagy-Varad, Hungary",12,12
1941-01-20,"Near Kian, China",6,5
1941-01-23,"Near Robertson, Missouri",13,2
1941-02-06,"Armstrong, ON, Canada",12,12
1941-02-26,"Atlanta, Georgia",16,9
1941-03-01,"Trontheim, Norway",12,3
1941-03-28,"Elands Bay, South Africa",10,10
1941-06-19,"Bucharest, Romania",15,15
1941-06-21,Sea of Japan,18,18
1941-08-10,"Arran, Scotland",22,22
1941-08-14,"Ayr, Scotland",22,22
1941-08-18,"Near Sao Paulo, Brazil",12,8
1941-09-01,"Bollemont, France",17,13
1941-09-01,"Campbeltown, Argyll, Scotland",10,10
1941-10-03,"San Juan, Puerto Rico",15,2
1941-10-28,,13,13
1941-10-30,"Near Moorhead, Minnesota",15,14
1941-10-30,"St. Thomas, Ontario, Canada",20,20
1941-12-11,"Miami, Florida",3,3
1942-01-16,"Near Las Vegas, Nevada",22,22
1942-01-20,"Manado, Indonesia",11,11
1942-01-24,"Near Samarinda, Borneo",,
1942-01-26,"Kupang, Timor",,
1942-01-30,"Near Kupang, Timor",18,13
1942-02-14,,,
1942-02-15,"English Channel, near Plymouth, England",9,9
1942-02-20,"Off Belmont, Brisbane, Australia",9,9
1942-02-28,Indian Ocean,20,20
1942-03-03,"Off Broome, Australia",33,19
1942-03-03,"Wyndham, Australia",12,8
1943-08-27,North Sea,7,7
1942-03-14,"Kunming, China",17,13
1942-04-21,"Pine Creek, Australia",12,12
1942-05-01,"Salt Lake City, Utah",17,17
1942-05-12,"Miles City, Montana",14,3
1942-07-01,"Near Premier, West Virginia",21,21
1942-07-07,"Off Broken Head, Australia",10,10
1942-07-20,"Llanfair, England",13,13
1942-08-13,"Algiers, Algeria",,4
1942-08-21,,4,4
1942-08-22,Trinidad,13,13
1942-08-23,"Invergordon, England",14,13
1942-08-25,"Near Dunbeath, Scotland",14,13
1942-09-27,"Ameur el Ain, Algeria",25,25
1942-10-01,"Kunming, China",,
1942-10-01,"Near Coamo, Puerto Rico",22,22
1942-10-03,"Botwood, Newfoundland",37,11
1942-10-22,,17,17
1942-10-23,"Palm Springs, California",13,12
1942-10-30,Norway,10,10
1942-12-15,"Fairfield, Utah",19,17
1942-12-19,"Wien, Vienna",16,2
1943-01-09,"River Tagus, Lisbon, Portugal",13,13
1943-01-15,"Near Paramarino, Dutch Guyana",35,35
1943-01-18,"Off the Brazilian coast,  AtlantiOcean",26,26
1943-01-21,"Ukiah, California",19,19
1943-01-22,"Near Chaparra, Peru",15,14
1943-02-09,"Near Gander, Newfoundland",21,19
1943-02-18,"Seattle, Washington",10,10
1943-02-22,"Lisbon, Portugal",39,25
1943-03-11,"Luishui, China",3,3
1943-03-13,"Himalaya, China",3,3
1943-03-27,"Archerfield Aerodrome, Queensland, Australia",24,24
1943-04-22,"Off Port Moresby, New Guinea",13,13
1943-06-01,Off the coast of France,17,17
1943-06-07,"Red Springs, North Carolina",20,20
1943-06-14,"Near Mackay, OLD, Australia",41,40
1943-06-16,"Khartoum, Sudan",17,17
1943-06-30,"Khartoum, Sudan",16,16
1943-07-04,Gibraltar,13,12
1943-07-28,"Brandon Head, Ireland",25,12
1943-07-28,"Trammel, Kentucky",22,20
1943-08-01,"Ploesti, Romania",10,10
1943-08-07,"Off Townsville, Australia",27,27
1943-08-11,"Fort Hertz, China",3,3
1943-08-27,"Rio de Janeiro, Brazil",21,18
1943-09-10,"Off Galveston, Texas",22,22
1943-09-20,"Near Maxton, North Carolina",25,25
1943-09-22,"Near Calcutta, India",20,20
1943-10-15,"Near Centerville, Tennessee",15,15
1943-10-19,"St. Donat, Quebec, Canada",24,24
1943-10-22,"Hallo, Sweden",15,13
1943-10-22,"Columbus, Georgia",20,20
1943-11-08,"Poona, India",1,1
1943-11-19,"Kunming, China",3,2
1943-11-19,"Kunming, China",3,3
1943-11-26,"Port Moresby, New Guinea",15,15
1943-12-18,"Suifu, China",3,3
1943-12-19,"Canal Creek, Australia",31,31
1943-12-29,"Lakeside, Utah",25,25
1944-01-15,"Belgrad, Yugoslavia",5,5
1944-02-10,"Memphis, Tennessee",24,24
1944-02-20,China,2,2
1944-02-21,"Eubeoa, Greece",16,16
1944-03-22,New Guinea,21,21
1944-04-06,"Near Nome, Alaska",6,6
1944-04-17,"Belgrad, Yugoslavia",7,5
1944-04-21,"Frederikstad, Norway",20,9
1944-04-25,"Montreal, Canada",16,16
1944-05-26,"Between Calcutta to Dinjan, China",12,12
1944-05-27,"Off Calcutta, India",14,14
1944-06-06,"Carentan, France",22,22
1944-06-06,"Flamanville, France",22,22
1944-06-06,"Barneville, France",22,22
1944-06-08,"Kunming, China",6,6
1944-06-18,"Kweilin, China",4,2
1944-06-20,"Porto Alegre, Brazil",10,10
1944-07-26,North AtlantiOcean,26,26
1944-07-27,"Port Logan, Scotland",22,22
1944-07-31,"Funafuti, Gilbert Islands, PacifiOcean",24,22
1944-08-03,"Naper, Nebraska",28,28
1944-08-08,"Off Antilla, Cuba",31,17
1944-08-12,"Blythburgh, England",2,2
1944-08-23,"Freckelton, England",3,3
1944-08-28,"Preswick, Scotland",20,20
1944-08-30,"Sao Paulo, Brazil",16,16
1944-09-02,"Belgrad, Yugoslavia",5,5
1944-09-07,"Near Mossman, Queensland, Australia",20,20
1944-09-18,Alaska,19,19
1944-09-21,"Rio Doce, Brazil",17,17
1944-09-27,"Near Dijon, France",9,9
1945-06-30,Texas,12,12
1944-10-07,"Near Sadiya, India",3,3
1944-10-10,Bosnia,7,7
1944-10-11,"Sydney, Australia",30,1
1944-10-16,"Telemark, Norway",15,15
1944-10-17,Hungary,9,1
1944-10-18,"Birkenhead, England",24,24
1944-11-04,"Hanford, California",24,24
1944-11-09,"Seljord, Norway",,
1944-11-19,"Lewes, England",30,25
1944-11-29,"Tegucigalpa, Nicaragua",16,16
1944-11-29,Kenya,15,15
1944-11-29,"Malmo, Sweden",10,10
1944-11-30,"Dinjan, China",3,3
1944-12-01,"Van Nuys, California",17,9
1944-12-03,AtlantiOcean,5,5
1944-12-15,English Channel,3,3
1945-01-06,"Near Dinjan, India",4,4
1945-01-08,"Port of Spain, Trinidad",30,23
1945-01-10,"Burbank, California",24,24
1945-01-14,China,6,4
1945-01-16,"Near Kunming, China",3,3
1945-01-23,"Timor, Indonesia",11,11
1945-01-31,"Redesdale, Australia",10,10
1945-02-02,"Near Montieri, Italy",26,23
1945-02-06,"Nunters Burgh, England",23,23
1945-02-13,"Off Oakland, California",24,24
1945-02-15,"Lagoa Santa, Brazil",11,11
1945-02-23,"Casablanca, Morocco",30,13
1945-02-23,"Marion, Virginia",22,17
1945-03-27,"Coral Sea, off Australia",24,24
1945-04-09,"Kunming, China",3,3
1945-04-14,"Morgantown, West Virginia",20,20
1945-04-19,"Near Perth, Australia",13,13
1945-04-20,,18,18
1945-04-20,"Sweetwater, Texas",25,25
1945-04-21,"Munchen, Germany",21,21
1945-04-23,"North Barrule, Isle of Man, England",31,31
1945-04-27,Washington D.C.,13,6
1945-05-05,"Manus Island, New Guinea",21,21
1945-05-06,"Hindhead, England",30,30
1945-05-09,"Roye, France",31,31
1945-05-13,"Netherlands, New Guinea",23,20
1945-05-30,"Off Drewin, Ivory Coast",21,21
1945-06-15,China,3,3
1945-06-24,"Gealdton, Australia",11,2
1945-06-25,"Swanage, England",27,27
1945-06-29,"Bangalore, India",2,2
1945-07-04,North AtlantiOcean,15,15
1945-07-11,"Near Kisumu, Kenya",28,28
1945-07-12,"Near Florence, South Carolina",10,3
1945-07-28,"New York, New York",3,3
1945-08-01,"Near San Luis Potosi, Mexico",12,12
1945-08-03,"Fort de France, Martinique",14,4
1945-08-11,"Ixtaccihuati, Mexico",16,16
1945-09-07,"Florence, South Carolina",22,22
1945-09-11,"Near Milne Bay, New Guinea",11,11
1945-09-15,"Near Kansas, Missouri",24,23
1945-09-18,"Puncak Jaya, Papua New Guinea",29,29
1945-09-28,"Near Chihkiang, China",20,20
1945-10-05,"Lakeland, Florida",15,2
1945-10-05,"Elvetham, England",23,23
1945-10-07,"Rennes, France",26,26
1945-10-13,"Melsbroek, Belgium",31,31
1945-10-16,"Near Peking, China",59,59
1945-10-20,"Timor Sea, AtlantiOcean",25,25
1945-10-20,"Between Shanghi and Canton, China",31,31
1945-10-23,"Near Chiringa, India",14,14
1945-10-24,"Tarapoto, Peru",5,5
1945-10-30,"Chihchiang, China",50,45
1945-11-01,"Herrenalb, Germany",30,26
1945-11-03,"Near Chuka, India",44,44
1945-11-08,"Off Corpus Christi, Texas",27,22
1945-11-09,"Near Boccadi, Italy",24,24
1945-11-11,"Near Picinisco, Italy",20,20
1945-11-11,"Near Castel, Libya",29,29
1945-11-11,Himalayas,44,44
1945-11-15,"New Britain Island, New Guinea",28,28
1945-11-22,"White's Farm, England",27,27
1945-12-03,"Near Rochefort , France",28,28
1945-12-05,Off the Florida coast,14,14
1945-12-08,"Near Billings, Montana",21,17
1945-12-18,"Voksenkollen, Norway",17,15
1945-12-25,"Bangui, French Equatorial Africa",8,8
1945-12-30,"New York City, New York",12,1
1946-01-06,"Birmingham, Alabama",11,3
1946-01-09,"Changchun, China",18,18
1946-01-15,"Marseilles, France",25,23
1946-01-18,"Cheshire, Connecticut",17,17
1946-01-19,"Crowsnest Pass, Alberta, Canada",7,7
1946-01-30,"Near Le Mans, France",11,11
1946-01-31,"Mt. Elk, Wyoming",21,21
1946-02-05,"Negros, Philippines",20,20
1946-02-21,"Charlottetown, PE, Canada",14,1
1946-03-03,"Live Oak Springs, California",27,27
1946-03-05,"Near Prague, Czechoslovakia",14,10
1946-03-10,"Off Hobart, Tasmania",25,25
1946-03-17,"Near Nanking, China",20,20
1946-03-18,"Between Chungking and Shanghai, China",,
1946-03-19,"Hobart Mills, California",26,26
1946-03-23,"Ceylon, Cocos Islands, Indian Ocean",10,10
1946-04-05,"Rabat, Malta",4,4
1946-04-08,"Near Shensi, China",14,14
1946-04-22,"Liberiad, Nicaragua",21,19
1946-04-30,"Pindi-Khut ,India",12,12
1946-05-10,"Munson, Florida",28,28
1946-05-16,"Richmond, Virginia",27,27
1946-05-22,"Oslo, Norway",13,13
1946-06-01,"Off Amalfi, Italy",38,30
1946-06-09,"Near Abeokuta, Nigeria",18,18
1946-06-09,"Taboga Island, Panama",23,23
1946-06-29,Off Malaya,18,18
1946-06-29,"Pau, France",3,2
1946-07-09,"Holyoke, Massachusetts",25,25
1946-07-11,"Reading, Pennsylvania",6,5
1946-07-13,"Tsinan, China",49,13
1946-07-17,"Cuenca, Ecuador",30,30
1946-07-18,"Goodland, Kansas",13,13
1946-07-20,Off the Panama coast,20,20
1946-07-25,"Bassein, Burma",22,22
1946-08-07,"Oslo, Norway",16,3
1946-08-09,"Lakehurst, New Jersey",6,4
1946-08-14,"Malta-Luqa, Malta",5,1
1946-08-20,"Rouen, France",9,8
1946-08-21,"Moline, Illinois",25,2
1946-08-24,"Cairo, Egypt",9,6
1946-09-03,"Holtug, Denmark",22,22
1946-09-04,"Le Bourget, France",26,20
1946-09-05,"Elko, Nevada",22,21
1946-09-06,"Bathurst, Gambia",24,24
1946-09-07,"Nome, Alaska",4,4
1946-09-15,"Estevan, Saskatchewan, Canada",21,21
1946-09-17,"Brussels, Belgium",7,1
1947-01-22,"Puesto Araujo, Colombia",17,17
1946-09-18,"Near Gander, Newfoundland",44,27
1946-09-19,"Near Tripoli, Libya",25,25
1946-09-20,"Lochi Mountain, China",31,31
1946-09-25,Near Hong Kong International Airport,19,19
1946-09-27,"Rio Doce, Brazil",25,25
1946-10-03,"Stephenville, Newfoundland",39,39
1946-10-06,"Off Penang, Malaya",21,21
1946-10-07,"Apeldoorn, The Netherlands",1,1
1946-10-08,"Cheyenne, Wyoming",41,2
1946-10-10,"Near Sefrou, Morocco",16,16
1946-10-17,"Laramie, Wyoming",13,13
1946-10-17,"Near Chitral, India",11,11
1946-10-23,"Gebel Kalamoun, Egypt",24,1
1946-11-01,"St Leger-la-Montagne, France",27,23
1946-11-11,"Cleveland, Ohio",20,2
1946-11-13,"Lebec, California",11,11
1946-11-13,"Near Cofre de Perote, Mexico",15,15
1946-11-14,"Amsterdam, Netherlands",26,26
1946-11-16,North PacifiOcean,23,23
1946-11-26,"San Jose, Costa Rica",22,22
1946-11-30,"El Palomar, Argentina",18,5
1946-12-04,"Meshed, Iran",24,24
1946-12-10,"Toledo, Washington",32,32
1946-12-10,"Near Osaka, Japan",24,24
1946-12-14,"Mt. Banahaur, Philippines",14,12
1946-12-17,"Caribbean, AtlantiOcean",7,7
1946-12-23,"Near Rio de Janeiro, Brazil",21,21
1946-12-24,"Near San Diego, California",12,12
1946-12-25,"Lunghwa, Shanghai, China",,87
1946-12-28,"Michigan City, Indiana",21,2
1946-12-28,"Walshville, Illinois",2,2
1946-12-28,"Near Shannon, Ireland",23,13
1947-01-03,"Sao Paulo, Brazil",14,11
1947-01-05,"Carmel, New Jersey",23,3
1947-01-05,"Tsingtao, China",38,38
1947-01-11,"Off Laoag, China",42,7
1947-01-11,"Near Lympne, England",16,8
1947-01-12,"Near Galax, Virginia",19,18
1947-01-14,"Near Puebla, Mexico",21,21
1947-01-25,"Chongqing, China",19,19
1947-01-25,"Croydon, Surrey, England",23,12
1947-01-25,Hong Kong,4,4
1947-01-26,"Copenhagen, Denmark",22,22
1947-01-28,"Near Hankow, China",26,25
1947-02-01,"Near Lisbon, Portugal",16,15
1947-02-05,"Harrington, Delaware",3,1
1947-02-06,"Pedro Bernardo, Spain",12,12
1947-02-14,"Denver, Colorado",2,2
1947-02-15,"Off Terracina, Italy",16,16
1947-02-15,"Near Bogota, Colombia",53,53
1947-02-21,"Chungking, China",21,21
1947-02-26,"China Sea, PacifiOcean",12,12
1947-03-08,"Cordillera, Colombia",9,9
1947-03-08,"L'isola di Ischia, Italy",13,13
1947-03-14,"Mt. Moucherolles, France",23,23
1947-03-17,"Near Medellin, Colombia",8,8
1947-03-18,"Negombo, Sri Lanka",15,11
1947-04-08,"Near Caracas, Venezuela",27,27
1947-04-13,"Off Dakar, Senegal",15,6
1947-04-22,"Columbus, Georgia",10,10
1949-02-24,"Near Cuzco, Peru",26,22
1947-04-28,"Near Vancouver, British Columbia, Canada",15,15
1947-05-11,"Delaware Bay, New Jersey",4,4
1947-05-29,"Hjedinsfjordur, Iceland",25,25
1947-05-29,"Atsugi, Japan",40,40
1947-05-29,"La Guardia Airport, Queens, New York",48,43
1947-05-30,"Port Deposit, Maryland",53,53
1947-06-04,"Near Gemenos, France",2,2
1947-06-11,"Natal, Argentina",18,5
1947-06-13,"Leesburg, Virginia",50,50
1947-06-19,"Al Mayadin, Syria",36,14
1947-07-01,"Near Eaeka, French Cameroons",13,13
1947-07-13,"Melbourne, Florida",36,14
1947-07-15,"Vichy ,France",19,1
1947-07-16,"Az-Zubair, Iran",6,6
1947-07-25,"Moron, Argentina",6,2
1947-07-31,"Near Yumen, China",26,26
1947-08-02,"Andes, Argentina",11,11
1947-08-06,North PacifiOcean,20,20
1947-08-08,"New York, New York",5,3
1947-08-09,"Malmo, Sweden",5,1
1947-08-13,"Bucharest, Romania",3,3
1947-08-21,"Hanksville, Utah",3,3
1947-08-23,"Bahrain, Persian Gulf",26,10
1947-08-28,"Harsiad, Norway",35,35
1947-10-08,"Near El Paso, Texas",54,0
1947-10-16,"Sylva, North Carolina",3,3
1947-10-16,"Off Cartegena, Spain",43,41
1947-10-24,"Bryce Canyon, Utah",53,53
1947-10-26,"Annette Island, Alaska",18,18
1947-10-26,"Near Mt. Hymettus, Greece",44,44
1947-10-31,"Srinagar, India",25,25
1947-11-02,"Off Barrio Rizal, Philippines",5,5
1947-11-11,"Gallup, New Mexico",25,0
1947-11-13,"Near Bouchox, France",2,2
1947-11-18,"Ravello, Italy",25,20
1947-11-18,"Newcastle, Delaware",5,5
1947-11-21,"Phouznicie, Romania",26,13
1947-11-27,"Yakutat, Alaska",13,13
1947-11-27,"Montenegrin Mountains, Yugoslavia",22,22
1947-11-27,,3,2
1947-11-28,"Near Trappa, Italy",20,20
1947-11-30,"Seattle, Washington",28,8
1947-12-10,"Near Goose Bay, Labrador",29,23
1947-12-11,"Near Memphis, Tennessee",20,20
1947-12-23,"Kunming, China",30,25
1947-12-27,"Korangi Creek, India",23,23
1947-12-28,"Leon, Mexico",9,5
1948-01-06,"Paris, France",16,16
1948-01-06,"Ruislip, England",18,1
1948-01-07,"Near Savannah, Georgia",27,18
1948-01-08,"Near Palestro, Algeria",9,9
1948-01-11,"Ciudad Havajillo, Dominican Republic",31,31
1948-01-13,"Oxon Hill, Maryland",9,5
1948-01-20,"Near Mukden, China",11,3
1949-08-09,"Salalah, Oman",12,12
1948-01-28,"Diablo Mts., California",32,32
1948-01-30,"AtlantiOcean, NE of Bermuda",31,31
1948-02-07,"Off Jacksonville, Florida",69,1
1948-02-12,"Ubrichstein, Germany",21,12
1948-02-20,"Collesalvetti,  Italy",10,7
1948-02-21,"Off St. Marcouf, France",14,14
1948-02-23,"Davao, Philippines",12,12
1948-02-25,"Columbus, Ohio",2,2
1948-02-27,"Near Belem, Brazil",26,23
1948-03-02,"Off Perpignan, France",4,4
1948-03-02,"Heathrow Airport, London, England",22,20
1948-03-07,"Near Skalafell, Iceland",5,5
1948-03-10,"Chicago, Illinois",13,12
1948-03-12,"Mt. Sanford, Alaska",30,30
1948-03-13,"Sierra Cristais, Brazil",6,6
1948-03-15,"Villa Pinzon, Colombia",15,14
1948-03-27,"Monte Cardo, Corsica, France",19,19
1948-04-05,"Near Berlin, Germany",15,15
1948-04-15,"Shannon, Ireland",31,30
1949-08-13,"Near Bogota, Colombia",32,32
1948-05-13,"Near Magazini, Belgian Congo (Zaire)",32,31
1948-05-13,"Mount Coron, France",10,10
1948-05-15,"Vrede, South Africa",13,13
1948-05-16,"Columbus, Ohio",2,2
1948-05-20,"Near Bovingdon, England",4,3
1948-05-25,"Albacete, Spain",4,4
1948-06-10,Ile of Man,8,6
1948-06-17,"Mount Carmel, Pennsylvania",43,43
1948-06-26,"Maiquetia, Venezuela",17,1
1948-07-01,"Keerbergen, Belgium",12,8
1948-07-04,"Northolt, Middlesex, England",32,32
1948-07-07,"Djiring, French Indo-China",16,16
1948-07-14,"Belem, Brazil",5,5
1948-07-16,PacifiOcean between Hong Kong and Macao,26,25
1948-07-24,"Cap-des-Rosiers, Quebec, Canada",26,26
1948-07-29,"Buenos Aires, Argentina",24,18
1948-07-29,"Tsingtao, China",24,19
1948-08-01,"1,200 miles off Dakar, AtlantiOcean",52,52
1948-08-01,"Karachi, Pakistan",4,4
1948-08-09,"Port Underwood, New Zealand",2,2
1948-08-20,"La Guaira, Venezuela",3,3
1950-05-24,"Near Pasto, Colombia",26,25
1948-08-29,"Near Winona, Minnesota",37,37
1948-08-31,"Near Elizabethville, Belgium Congo",13,13
1948-09-02,"Near Quirindi, Australia",13,13
1948-10-02,"Near Trondheim, Norway",45,19
1948-10-20,"Prestwick Airport, Scotland",40,40
1948-10-23,"Mt. Ruapehu, New Zealand",13,13
1948-10-27,"Near Edmonton, Alberta, Canada",5,2
1948-11-03,"Near Glossop, England",13,13
1948-11-04,"Cape Spencer, Alaska",17,17
1948-11-08,"Mt. Macedon, Australia",23,3
1948-11-11,"Liverpool, England",9,8
1948-11-26,"Vehari, Pakistan",21,21
1948-12-05,"Kiangwan, China",40,9
1948-12-06,"Milan, Italy",7,7
1948-12-12,"Taipei, Taiwan",10,2
1948-12-15,"Near Bogata, Colombia",30,30
1948-12-21,"Near Pilos, Greece",23,23
1948-12-21,"Basalt Island, Hong Kong",33,33
1948-12-23,"Near Madrid, Spain",27,27
1948-12-28,"Off San Juan, Puerto Rico",32,32
1948-12-31,"Mt. Argentari, Italy",12,12
1949-01-02,"Seattle, Washington",30,14
1949-01-05,"Caravelas Bay, Brazil",17,3
1949-01-06,"Brandywine, Maryland",2,2
1949-01-11,"Near Pelotas, Brazil",12,12
1949-01-15,"Ras-el-Tin, Egypt",30,30
1949-01-16,"Balihal Pass, India",13,13
1949-01-17,"AtlantiOcean, off Bermuda",20,20
1949-01-17,"Near Succoth Glen, Lochgoilhead, Scotland",20,20
1949-01-20,"Homer, Alaska",6,5
1949-01-30,"Port Washington, New York",35,2
1949-02-02,"Trinity Bay, Newfoundland",6,6
1949-02-04,"Castel Benito, Libya",53,1
1949-02-05,"Buenaventura Bay, Colombia",14,3
1949-02-08,"Off Copenhagen, Denmark",27,27
1949-02-10,"Near Huanuco, Peru",16,16
1949-02-19,"Near Coventry, Warks, England",14,14
1949-02-24,"Braemar Resevoir, Hong Kong",23,23
1951-11-15,"Near Lodz, Poland",16,16
1949-03-10,"Coolangatta, Australia",16,16
1949-03-15,"Berlin, Germany",3,3
1949-03-18,"Near Waikanae, New Zealand",15,15
1949-05-04,"Superga, Italy",31,31
1949-05-07,"Sibuyan Sea, off the Philippine island of Elalat",13,13
1949-06-06,"Malahasa Attica, Greece",22,22
1949-06-07,"Near Florianpolis, Brazil",27,27
1949-06-07,"San Juan, Puerto Rico",81,53
1949-06-23,"Off Bari, Italy",33,33
1949-07-02,"Near Guildford, Australia",18,18
1949-07-12,"Near Bombay, India",45,45
1949-07-12,"Chatsworth, California",48,35
1949-07-19,"Seattle, Washington",32,2
1949-07-30,"Chesterfield, New Jersey",16,16
1949-08-02,"Jaquirana, Brazil",36,5
1949-08-03,"Sao Francisco Bay, Brazil",30,5
1949-08-06,"Salasaca, Ecuador",34,34
1949-08-15,"Off Lurga Point, Ireland",58,8
1949-08-19,"Oldham, England",24,24
1949-08-21,"Near Bigstone Lake, Manitoba",21,21
1949-08-27,"Leopoldville, Zaire",20,5
1949-09-09,"Sault-aux-Cochons, PQ, Canada",23,23
1949-09-26,"Mt. Popocatepetl, Mexico",24,24
1949-09-27,"Near Castilla, Argentina",27,5
1949-10-09,"Cheyenne, Wyoming",4,4
1949-10-28,"San Miguel Island, Azores",48,48
1949-11-01,"Arlington, Virginia",55,55
1949-11-04,"Akron, Ohio",3,3
1949-11-20,"Near Oslo, Norway",35,34
1949-11-28,"Chaleyssin, France",38,5
1949-11-29,"Dallas, Texas",46,28
1949-12-01,"Taquaracucu, Brazil",22,20
1949-12-07,"Vallejo, California",9,9
1949-12-09,"Near Lanchow, China",38,38
1949-12-10,"Near Hoikow, China",40,17
1949-12-12,"Jungshahi, Pakistan",26,26
1949-12-12,"Washington, D.C.",23,6
1949-12-16,"Orizaba, Mexico",17,17
1949-12-18,"Aulnay-sous-Bois, France",8,8
1949-12-30,"Comilla, Pakistan",7,7
1950-01-18,"Albacete, Spain",16,16
1950-01-20,"Near Vacas, Bolivia",32,32
1950-01-24,"Near Tamatave, Madagascar",14,14
1950-01-24,"Iloilo,Philippines",4,4
1950-01-26,"Near Snag, Yukon Territory",44,44
1950-02-02,North Sea,7,7
1950-02-27,"Near Prague, Czechoslovakia",5,5
1950-03-07,"Minneapolis, Minnesota",13,13
1950-03-10,"Saigon, Vietnam",4,4
1950-03-12,"Llandow Airport, Cardiff, Wales",83,80
1950-03-25,"Ankara, Turkey",15,15
1950-03-28,"Off Cap-Ferret, France",12,12
1950-04-05,"Hatiara, India",3,3
1950-04-15,"Santa Ana, Colombia",25,25
1950-04-21,"Near Atsugi, Japan",35,35
1950-05-02,"Chimborcza, Ecuador",15,15
1950-05-17,"Lagens Air Force Base, Azores",16,16
1950-05-23,"Myrtle Beach, South Carolina",39,39
1950-05-27,"Teterboro, New Jersey",2,1
1950-05-30,"Near Iheus, Brazil",15,13
1950-06-05,AtlantiOcean off Florida,65,28
1950-06-09,"Near Fonseca, Colombia",15,15
1950-06-12,Off Bahrain,52,46
1950-06-14,Off Bahrain,53,40
1950-06-23,"Lake Michigan, 18 NNW of Benton Harbor, Michigan",58,58
1950-06-26,"York, Australia",29,29
1950-07-07,"Busan, South Korea",23,23
1950-07-09,"Casablanca, Morocco",29,22
1950-07-17,"Near Patharkot, India",22,22
1950-07-18,"Near Bocoio, Angola",9,9
1950-07-27,"Off O-shima Island, Japan",26,25
1950-07-28,"Porte Alegre, Brazil",50,50
1950-07-29,"Tunbukta, Algeria",26,26
1950-08-05,"Near Fairfield, California",20,12
1950-08-25,"Kampong Jenera, Malaysia",12,12
1950-08-31,"Near Wadi Natrun, Egypt",55,55
1950-09-04,"Utica, New York",23,16
1950-09-14,"Tehran, Iran",8,8
1950-09-20,"Kwajalein, Marshall Islands",26,26
1950-09-21,"Near Zagreb, Yugoslavia",11,10
1950-09-23,"Karlstad, Sweden",10,10
1950-09-26,"Near Kyushu Island, Japan",51,23
1950-10-13,"Casablanca, Morocco",7,4
1950-10-13,"Almelund, Minnisota",6,6
1950-10-17,"London, England",29,28
1950-10-31,"London Heathrow, England",30,28
1950-11-03,"Mont Blanc, France",48,48
1950-11-06,"Butte, Montana",21,21
1950-11-13,"Mt.  Tete de L'Obiou, France",52,52
1950-11-17,"Surabaya, Indonesia",23,2
1950-11-21,"Near Moran Junction, Wyoming",21,21
1950-11-23,"Cuzco, Peru",9,9
1950-11-25,"Khitka, Bhutan",3,3
1950-12-01,"Near Chamaran, Iran",8,8
1950-12-08,"Ruig Piner, France",7,5
1950-12-08,"Bangui, French Equatorial Africa",56,46
1950-12-13,"Katagiri, India",21,21
1950-12-13,"Londrina, Brazil",9,9
1950-12-15,"Valera, Venezuela",31,31
1950-12-19,"Near Baguio, Philippines",38,38
1950-12-22,"Penticton, British Columbia, Canada",18,2
1950-12-30,"Santiago del Estado, Argentina",18,17
1951-01-12,"Ixopo, South Africa",12,12
1951-01-13,"Mt. Bukit, Besar,Thailand",10,10
1951-01-14,"Philadelphia, Pennsylvania",28,7
1951-01-16,"Near Reardon, Washington",10,10
1951-01-17,"Near Civitavecchia, Italy",17,14
1951-01-28,"Near An tung, Taiwan",16,16
1951-01-31,"Off Hafnarfjorour, Iceland",20,20
1951-02-01,"Off Terceira, Portugal",14,14
1951-02-03,"Near Mt. Cameroun, Buea, Nigeria",29,29
1951-02-14,"Yali, Colombia",2,2
1951-03-02,"Sioux City, Iowa",25,16
1951-03-11,"Mt. Butler, Hong Kong",24,24
1951-03-21,"Corozal, Colombia",27,27
1951-03-22,Over the North Atlantic,53,53
1966-07-15,Pakistan,10,10
1951-03-22,"Off Florianopolis, Brazil",14,3
1951-03-26,"Rio Grande, Argentina",20,11
1951-04-02,"Bogota, Colombia",26,26
1951-04-06,"Refugio Pass, near Santa Barbara, California",22,22
1951-04-08,"Near Charleston, West Virginia",21,21
1951-04-09,"Cape d'Arguilar, Hong Kong",16,16
1951-04-25,"Key West, Florida",43,43
1951-04-28,"Fort Wayne, Indiana",11,11
1951-05-06,"Near Albuquerque, New Mexico",25,23
1951-05-08,"Bordeaux, France",32,2
1951-05-18,"Rancharia,  Brazil",6,6
1951-06-03,"New Boston, Texas",10,10
1951-06-06,"Rio de Janeiro, Brazil",19,2
1951-06-15,"Medellin, Colombia",3,3
1951-06-22,"Near Sanoyea, Liberia",40,40
1951-06-29,"Near Rijeka, Yugoslavia",14,14
1951-06-30,"Rocky Mountain Nat. Park, near Ft. Collins, Colorado",50,50
1951-07-12,"Near Tezpur, India",3,3
1951-07-12,"Aracaju, Brazil",33,33
1951-11-13,"Puy-de-Dôme, France",36,36
1951-07-12,"Lyneham AFB, England",10,10
1951-07-16,"Off Lae, New Guinea",7,7
1951-07-20,"Thudamot, China",3,3
1951-07-21,"Near Sitka, Alaska",37,37
1951-07-24,"Gao, Mali",3,3
1951-07-29,"Cochabamba, Bolivia",7,7
1951-08-08,"Barilla Bay, Australia",2,2
1951-08-11,"Moisville, France",5,5
1951-08-17,"Ubatuba, Brazil",10,10
1951-08-24,"Decoto, California",50,50
1951-09-08,"Sao Paulo, Brazil",13,13
1951-09-12,"Off Redwood City, California",3,3
1951-09-12,"Off Ialas Baeares, Spain",39,39
1951-09-15,"Bangalore, India",28,22
1951-09-29,"La Paz, Bolivia",27,27
1951-10-08,"Cerro Blanco, Mexico",8,8
1951-10-15,"East Griqualand, South Africa",17,17
1951-10-15,North Atlantic,12,12
1951-10-17,"Mt. Benson, BC, Canada",23,23
1951-10-22,"Skopje, Yugoslavia",12,12
1951-10-27,"Near Flores, Guatemala",27,25
1951-11-05,"Near Tucumcari, Arazona",29,1
1951-11-19,"Cairo, Egypt",5,5
1951-11-21,"Calcutta, India",17,16
1951-11-24,"Zurich, Switzerland",7,6
1951-11-27,"San Luis Acatlan, Mexico",21,13
1951-12-04,"Denver, Colorado",3,3
1951-12-13,"Yaramunda, Papua New Guinea",3,3
1951-12-16,"Elizabeth, New Jersey",56,56
1951-12-23,"Tehran, Iran",22,22
1951-12-29,"Near Little Valley, New York",40,26
1951-12-30,"Near Fairbanks, Alaska",4,4
1951-12-30,"Near Phoenix, Arizona",28,28
1951-12-31,"Calcutta, India",3,3
1952-01-02,"Andapa, Madagascar",11,6
1952-01-10,"Com Edno, Wales",23,23
1952-01-19,"Off Sandspit, BC, Canada",43,36
1952-01-22,"Elizabeth, New Jersey",23,23
1952-02-04,"Kikwit, Belgian Congo",15,15
1952-02-07,"Kaneko, Japan",17,17
1952-02-11,"Elizabeth, New Jersey",63,29
1953-01-07,"Issaquah, Washington",7,7
1952-02-16,"Near Burgio, Italy",31,31
1952-02-19,"Near Yaounde, Cameroon",9,9
1952-02-19,"Nagpur, India",16,3
1952-02-28,"Uberlandia,  Brazil",8,8
1952-03-03,"Nice, France",38,38
1952-03-10,"Cebu, Philippines",3,3
1952-03-12,"Near Sequin, Texas",15,15
1952-03-22,"Near Gaspe, Quebec, Canada",4,4
1952-03-22,"Frankfurt, Germany",47,44
1952-03-24,"Gao, French West Africa",21,17
1952-03-26,"Moscow, Russia",70,70
1952-03-29,"Near San Felipe, Venezuela",12,12
1952-03-30,"Baguio, Philippines",29,10
1952-04-05,"New York, New York",2,2
1952-04-09,"Mihara Volcano, Japan",37,37
1952-04-10,"Agartala, India",4,4
1952-04-11,"North of San Juan, Puerto Rico",69,52
1952-04-18,"Near Whittier, California",29,29
1953-12-15,Aviateca,2,2
1952-04-29,"Near Carolina, Brazil",50,50
1952-04-30,"Delhi,  India",9,9
1952-05-05,"Near Skien, Norway",29,11
1952-05-09,"Ipoh, Malaysia",17,17
1952-05-13,"Sao Paulo, Brazil",22,5
1952-05-24,"Near Manaus, Brazil",6,6
1952-05-26,"Near Atar, Mauritania",18,1
1952-06-13,BaltiSea,8,8
1952-06-24,"Lakenheath AFB, England",11,11
1952-06-25,"Off Northumberland, North Sea",13,11
1952-07-27,"Off Rio de Janeiro, Brazil",27,1
1952-08-12,"Palmeira de Goias, Brazil",24,24
1952-08-21,"Off Trapani, Italy",57,7
1952-08-26,"Near Khewra, West Pakistan",18,18
1952-08-29,"Kosti, Sudan",4,2
1952-09-06,"Near Farnsborough, England",1,1
1952-09-10,"San Blas, Panama",46,46
1953-12-17,"Guam, Mariana Islands",16,11
1952-09-15,"Wadi Halfa, Sudan",3,3
1952-10-08,"Off Tarbat Ness, Scotland",14,14
1952-10-14,"San Fransisco do Paula, Brazil",28,14
1952-10-16,"Off Kangnung, South Korea",25,25
1952-10-29,"Near Flagstaff, Arizona",16,16
1952-11-06,"Lake Chad, Chad",6,5
1952-11-07,"Near Summit, Alaska",19,19
1952-11-14,"Near Seoul, South Korea",44,44
1952-11-15,"Near Anchorage, Alaska",20,20
1952-11-17,"Shepard, Montana",16,9
1952-11-22,"Mount Gannett, Alaska",52,52
1952-11-28,"Near Tacoma, Washington",38,37
1952-12-06,"Near Sofia, Bugaria",18,18
1952-12-06,"Off Bermuda-Kindley Field, Bermuda",41,37
1952-12-20,"Moses Lake, Washington",115,87
1952-12-21,"Off Miami, Florida",3,3
1952-12-25,"Off Caracas, Venezuela",5,3
1952-12-25,"Tehran, Iran",29,27
1952-12-30,"Chinmen Island, Taiwan",10,2
1953-01-05,"Belfast, Northern Ireland",35,27
1970-02-13,"Pin-la-Garenne, France",10,10
1953-01-07,"Fish Haven, Idaho",40,40
1953-01-15,"25 nm off Agrigento, Italy",26,26
1953-01-26,"Sinnai, Sardinia, Italy",19,19
1953-02-02,"Off Newfoundland, Canada",39,39
1953-02-03,"Muong Sai, Laos",18,18
1953-02-07,"Eysines, France",20,5
1953-02-09,"Cairo, Egypt",35,30
1953-02-14,"Off Mobile, Alabama",46,46
1953-03-03,"Karachi, Pakistan",11,11
1953-03-04,"Windsor Locks, Connecticut",2,2
1953-03-14,"Kalasahar, India",16,16
1953-03-17,"Off Da Nang, Vietnam",8,8
1953-03-18,"Random Island, Newfoundland",23,23
1953-03-20,"Alvarado, California",35,35
1953-03-27,"Itapebi, Brazil",14,14
1953-03-29,"Mtara, Tanganyika",13,13
1953-04-10,"Off Kingston, Jamaica",13,13
1953-04-10,"Miandivazo, Madagascar",4,4
1953-04-14,"Near Guwahati, India",3,3
1953-04-14,"Selleck, Washington",25,7
1953-04-16,"NW of Hanoi, Vietnam",30,30
1953-04-20,"San Francisco Bay, California",10,8
1953-05-02,"Near Jalalogori, West Bengal, India",43,43
1953-05-07,"Off Hartland Point, England",10,10
1953-05-09,"New Delhi, India",18,18
1953-05-11,"Prince Rupert, BC, Canada",19,2
1953-05-17,"Near Marshall, Texas",20,19
1953-05-25,"Amsterdam, Netherlands",34,0
1953-06-15,"Near Copiapo, Chile",7,7
1953-06-15,"San Ramon Mtns., Costa Rica",14,11
1953-06-16,"Phou-Lassy, French Indo-China",34,34
1953-06-17,"Sao Paulo, Brazil",17,17
1953-06-18,"Tachikawa AFB, Tokyo, Japan",129,129
1953-07-12,"PacifiOcean, 325 miles east of Wake Island",58,58
1953-07-17,"Near Milton, Florida",46,44
1953-07-27,"Near Kanggye, North Korea",21,21
1955-09-29,"Yellowknife, Northwest Territory, Canada",2,1
1953-08-03,"Off Fethiye Point, Turkey",42,4
1953-08-03,"Sharjah, United Arab Emirates",25,1
1953-08-05,Off Irish coast,23,14
1953-08-18,"Near San Diego, California",2,2
1953-09-01,"Near Barcelonnette, France",42,42
1953-09-01,"Vail, Washington",21,21
1953-09-08,"San Andres, Honduras",3,3
1953-09-14,"Chablekal, Mexico",2,1
1953-09-16,"Albany, New York",28,28
1953-09-25,"Ankara, Turkey",21,5
1953-09-28,"Louisville, Kentucky",41,25
1953-10-14,"Frankfurt, Germany",44,44
1953-10-17,"Lai Chau, Vietnam",7,2
1953-10-19,"Near Monterrey, Mexico",21,21
1953-10-19,"New York City, New York",27,2
1953-10-29,"Near Half Moon Bay, California",19,19
1953-11-03,"Potosi, Bolivia",28,28
1953-11-11,"Off Argyll, England",10,10
1953-12-04,"Mt. Somosierra, Spain",33,23
1953-12-12,"Nagpur, India",14,13
1953-12-19,"Zurich, Switzerland",44,1
1953-12-21,"Dah-el-Kadeeb, Syria",15,9
1954-01-02,"Herat, Afghanstan",21,21
1954-01-05,"Lapseki, Turkey",10,4
1954-01-06,"Near Aldbury, England",17,16
1954-01-10,"Off Elba, Italy",35,35
1954-01-11,"Manizales, Colombia",21,21
1954-01-13,"Long Beach, California",1,1
1954-01-14,"Rome, Italy",16,16
1954-01-14,"Prague, Czechoslovakia",15,15
1954-01-20,"Kansas City, Missouri",3,3
1954-02-01,"Off Hokkaido, Japan",35,35
1954-02-05,"Susitna Valley, Alaska",16,10
1954-02-12,"Off Gozo, Malta",10,10
1954-02-25,"New Delhi, India",3,3
1954-02-26,"Wright, Wyoming",9,9
1954-03-04,"Near St. Etienne de Tinee, France",20,20
1954-03-13,"Kallang Airport, Singapore",40,33
1954-03-14,"Off Mackay, Australia",2,2
1954-03-19,"Near Lothian, Maryland",18,18
1954-03-26,"Monterrey, Mexico",18,18
1954-04-03,"Adana, Turkey",25,25
1954-04-04,"Hanoi, Vietnam",4,4
1954-04-08,"Off Stromboli, Italy",21,21
1954-04-08,"Moose Jaw, SK, Canada",36,36
1954-04-13,"Santiago, Chile",16,16
1954-04-13,"Xieng Kouang, Laos",23,16
1954-04-23,"Sierra del Vilgo, Argentina",25,25
1954-04-30,"Near Calcutta, India",11,5
1954-05-22,"Paraparaumu, New Zealand",28,3
1954-05-31,"Cipo Mountain, Brazil",19,19
1954-06-03,"Near Maribor, Slovenia",4,1
1954-06-04,"Sao Paulo, Brazil",3,3
1954-06-08,"Tourane, Vietnam",4,4
1954-06-19,"Off Folkestone, England",9,3
1954-07-02,"Near Salvador, Brazil",20,20
1954-07-23,"Off Hainan Island, China",18,10
1954-08-08,"Near McGrath, Alaska",2,2
1954-08-09,"Terceira Island, Azores, Portugal",30,30
1954-08-12,Vietnam,3,3
1954-08-16,"Near Pakse, Laos",55,47
1954-08-22,"Near Mason City, Iowa",19,12
1954-08-23,"Near Dutch Coast, North Sea",21,21
1958-05-16,"Chatenoy, France",3,3
1954-08-27,"Near Rapid City, South Dekota",27,26
1954-09-05,"Foynes, Ireland",56,28
1954-09-12,"Off Rio de Janeiro, Brazil",30,6
1954-09-15,"Cairo, Egypt",4,3
1954-10-24,"Nar Limone Piemonte, Italy",21,21
1954-10-30,"Off Ocean City, Maryland",42,42
1954-10-30,Off the coast of Maryland,42,42
1954-10-31,"Mangalore, Australia",8,3
1954-11-16,"Jirishanga,Cerro de Pasco, Peru",24,24
1954-11-30,"Berlin, New Hampshire",7,2
1954-12-04,"Near Luang Pragang, Laos",28,28
1954-12-12,"Bratislava, Slovakia",4,4
1954-12-18,"Near Bolivar, Venezuela",2,2
1954-12-18,"New York, New York",32,26
1954-12-22,"Pittsburgh, Pennsylvania",28,10
1954-12-25,"Prestwick, Ayrshire, Scotland",36,28
1954-12-29,"Near Moscow, Russia",45,45
1954-12-31,"Irkutsk, Russia",17,17
1955-01-11,"Off Skellings, Ireland",18,18
1955-01-12,"Greater Cincinnati Airport, Covington, Kentucky",15,15
1955-01-19,"Des Moines, Iowa",39,0
1955-01-31,"Lapadrera, Colombia",5,5
1955-02-02,"Nagpur, India",10,10
1955-02-05,"Near Calabar, Nigeria",13,13
1955-02-13,"Rome, Italy",29,29
1955-02-19,"Albuquerque, New Mexico",16,16
1955-02-23,"Salisbury,  Zimbabwe",26,1
1955-03-06,"Vitoria da Conquista, Brazil",21,5
1955-03-08,"Mascota, Mexico",26,26
1955-03-09,"Trujillo, Colombia",8,8
1955-03-20,"Springfield, Mississippi",35,13
1955-03-22,"Oahu, Hawaii",66,66
1955-03-26,Off the Oregon coast,23,4
1955-04-02,"Off Pensacola, Florida",2,2
1955-04-04,"Islip, New York",3,3
1955-04-11,"Off Great Natuna Island, Sarawak",19,19
1955-04-18,"Kupe Mountains, Cameroons",14,12
1955-05-18,"Mt. Kilimanjaro, Kenya",20,20
1955-05-21,"Off Barcelona, Venezuela",13,4
1955-05-26,"Edmonton, Alberta, Canada",2,2
1955-06-03,"Fort Lamy, Cameroon",3,3
1955-06-16,"Near Asuncion, Paraguay",24,16
1955-06-18,"Leon, Mexico",18,18
1955-07-14,"Oaxaca, Mexico",22,22
1955-07-17,"Chicago, Illinois",43,22
1955-07-27,"Near Petrich, Bulgaria",58,58
1955-08-04,"Fort Leonard Wood, Missouri",30,30
1955-08-06,"Near Voronezh, Russia",25,25
1955-08-11,"Near Edelweiler, West Germany",66,66
1955-08-26,"Caparao Mountain, Brazil",13,13
1955-08-30,"Simra, Nepal",3,2
1955-09-02,"Meikitila, Myanmar",9,9
1955-09-08,"Burbank, California",33,3
1955-09-10,"Sombolabo, French Equitorial Africa",16,16
1955-09-17,"Near Thorhild, Canada",6,2
1955-09-21,"Idris, Libya",47,15
1955-09-24,PacifiOcean,5,3
1955-10-02,"Pico Oiriruma-Vinac, Peru",35,19
1955-10-06,"Near Centennial, Wyoming",66,66
1955-10-10,"Near Wien, Austria",29,7
1955-11-01,"Longmont, Colorado",44,44
1955-11-17,"Seattle, Washingon",74,28
1955-11-17,"Near Las Vegas, Nevada",14,14
1955-11-20,"Iwo Jima, Japan",11,10
1955-11-30,"Near Ballico, California",10,10
1955-12-01,"Belem, Brazil",6,6
1955-12-17,"Hollywood, South Carolina",2,2
1955-12-19,"Sao Paulo, Brazil",26,26
1955-12-21,"Jacksonville, Florida",17,17
1956-01-12,"Frederick Henry Bay,  Australia",2,1
1956-01-17,"Oreway, Canada",18,4
1956-01-18,"Torysa, Czechoslovakia",26,22
1956-01-28,"Lyon, France",3,3
1956-02-13,"Frobisher Bay, Canada",2,2
1956-02-14,"Near Fort Chimo, Quebec, Canada",3,2
1956-02-17,"Near Niles, California",40,40
1956-02-18,"Near Zurrieg, Malta",50,50
1956-02-20,"Near Cairo, Egypt",64,52
1956-02-24,"Near Aleppo, Syria",19,19
1956-02-25,"Jalkot, Pakistan",3,3
1956-03-21,"Tezpur, India",21,2
1956-03-28,"Largs, England",3,1
1956-03-31,"Indapur, India",3,3
1956-03-31,"Korat ,Thailand",18,18
1956-04-01,"Pittsburgh, Pennsylvania",36,22
1956-04-02,"Seattle, Washington",38,5
1956-04-09,"Skilak Lake, Alaska",6,6
1956-04-18,"Parintins, Brazil",12,3
1956-04-30,"London, England",54,2
1956-05-15,"Kathmandu, Nepal",33,14
1956-05-15,"Orleans, Ontario, Canada",2,2
1956-05-24,"Guatemala City, Guatemala",31,30
1956-06-20,"Asbury Park, New Jersey",74,74
1956-06-24,"Kano, Nigeria",45,32
1956-06-30,"Grand Canyon, Arizona",128,128
1956-07-09,"Near Flat Rock, Michigan",35,1
1956-07-13,"Near Brows Mills, New Jersey",66,46
1956-07-16,"Rio Cuarto, Argentina",18,18
1956-08-08,"Thazi, Burma",20,12
1956-08-29,"Cold Bay, Alaska",22,15
1956-09-09,"Amman, Jordan",57,1
1956-09-09,"Bartlesville, Oklahoma",18,0
1956-10-02,"Near Nome, Alaska",5,5
1956-10-10,"Off Land's End, England",59,59
1956-10-16,Over the PacifiOcean,31,0
1956-10-19,"Agartala, India",3,3
1956-10-28,Over the Mediterranean Sea,23,23
1956-11-05,"Blackbushe, England",80,5
1956-11-07,"Hommelfjell, Norway",12,2
1956-11-15,"Puerto Somoza, Nicaragua",25,25
1957-10-18,"Porto Alegre, Brazil",2,2
1956-11-17,"El Rucio Mountain, Colombia",36,36
1956-11-24,"Near Eglisau, Switzerland",23,23
1956-11-24,"Paris, France",35,34
1956-11-27,"Caracas, Venezuela",25,25
1956-12-08,"Caqueta, Colombia",16,14
1956-12-09,"Near Chilliwack, British Columbia, Canada",62,62
1956-12-12,"Dannemois, France",5,5
1956-12-22,"Grub, Germany",30,3
1956-12-22,"Mt. Giner, Italy",21,21
1956-12-30,"Dhahran, Saudi Arabia",37,11
1957-01-06,"Owasso, Oklahoma",10,1
1957-01-11,"Near Buenos Aires, Argentina",33,17
1957-01-23,"Ometepe Island, Nicaragua",16,16
1957-01-29,"Paris, France",70,2
1957-01-31,"Near Sunland, California",6,5
1957-02-01,"New York, New York",101,21
1957-02-22,"Kimpo Air Base, South Korea",159,22
1957-03-02,"Blyn, Washington",5,5
1957-03-05,"Drayton, England",22,18
1957-03-09,"El Soldado, Colombia",15,15
1957-03-14,"Manchester, England",20,20
1957-03-17,"Near Cebu, Philippines",25,24
1957-03-18,"Near Sayari, Bolivia",19,19
1957-03-22,Over the North PacifiOcean,67,67
1957-04-07,"Bage, Brazil",40,40
1957-04-08,"Algiers, Algeria",34,34
1957-04-10,"Anchieta Island, Brazil",30,26
1957-04-15,"Merida, Mexico",3,3
1957-04-17,"Near El Quweira, Jordan",24,24
1957-04-20,"Jirkouk, Iraq",,1
1957-05-01,"Blackbushe, Hants, England",35,34
1957-05-05,"Santoshpur, India",3,1
1957-05-09,"Barajas, Madrid, Spain",37,37
1957-05-13,"Near San Carlos de Bariloche, Argentina",16,16
1957-05-13,"Narsarressuak, Greenland",3,2
1957-05-13,"New Delhi, India",2,2
1957-06-14,"Near Moscow, Russia",13,9
1957-06-18,"Bodensee, Switzerland",9,9
1957-06-22,"Near Clarksburg, Maryland",3,3
1957-06-23,"Port Hardy, BC, Canada",18,14
1957-07-01,"Bay of Bengal, Pakistan",24,24
1957-07-16,"Near Biak, Indonesia",68,58
1957-07-25,"Daggett, California",16,1
1957-08-11,"Near Issoudun, Quebec, Canada",79,79
1957-08-15,"Copenhagen, Denmark",23,23
1957-08-20,"Assam, India",8,8
1957-08-29,"Near Juticalpa, Honduras",12,12
1957-09-03,"Niquitao, Venezuela",8,8
1957-09-15,"New Bedford, Massachusett",24,12
1957-09-18,"Montevideo,  Uruguay",35,1
1957-09-28,,3,3
1957-10-03,"Beirut, Lebanon",27,27
1957-10-23,"Belfast, Ireland",7,7
1957-10-28,"Madrid, Spain",21,21
1957-10-30,"Near Campeche, Mexico",3,3
1957-11-06,"Bristol, England",15,15
1957-11-09,"900 miles E of Honolulu, Hawaii, PacifiOcean",44,44
1957-11-15,"Near Palma de Mallorca, Spain",4,4
1957-11-15,"Chessell Down Hants, England",58,43
1957-11-21,"Christchurch, New Zealand",4,4
1957-12-08,"Bolivar, Argentina",61,61
1957-12-10,"Jeannine Lake, Quebec, Canada",3,3
1957-12-11,"Ozamis City, Philippines",12,2
1957-12-23,"Stansted, England",4,4
1957-12-23,"Off Oahu, Hawaii",23,19
1957-12-31,"Buenos Aires, Argentina",51,9
1958-01-16,"Belem, Brazil",3,3
1958-01-20,"Near La Paz, Bolivia",11,11
1958-02-01,"Rio de Janeiro, Brazil",67,5
1958-05-15,"New Delhi, India",38,21
1958-02-01,"Norwalk, California",49,47
1958-02-06,"Munich, Germany",44,23
1958-02-19,"Motu Taoru, France",15,15
1958-02-20,"Off Corvo Island, Azores",22,22
1958-02-27,"Horwich, Lancs, England",42,35
1958-03-07,"Off Ryukyu Islands, Okinawa",26,26
1958-03-07,"Menzalah Lake, Egypt",26,8
1958-03-22,"Grants, New Mexico",4,4
1958-03-24,"Near Kathmandu, Nepal",20,20
1958-03-25,"Miami, Florida",24,9
1958-03-27,"Bridgeport, Texas",18,18
1958-04-02,"Quito, Ecuador",14,3
1958-04-06,"Freeland, Michigan",47,47
1958-04-07,"Mt. Illiniza, Ecuador",32,32
1958-04-14,"Off Castell de Fels, Spain",16,16
1958-04-21,"Near Sloan, 10 miles SW of Las Vegas, Nevada",49,49
1958-05-18,"Near Casablanca, Morocco",65,61
1958-05-20,"Brunswick, Maryland",11,11
1958-05-25,"Gurgaon, India",5,4
1958-05-31,"SW of Algiers, Algeria",15,15
1958-05-31,"Rio de Janeiro, Brazil",4,4
1958-06-02,"Manila, Philippines",57,1
1958-06-02,"Near Guadalajara, Mexico",45,45
1958-06-04,"Martinsburg, West Virginia",3,1
1958-06-16,"Curitiba, Brazil",27,19
1958-06-25,"Mohanbari, India",7,7
1958-06-27,"Near Chicopee Falls, Massachusetts",15,15
1958-07-09,"Dhaka, Baangladesh",3,3
1958-08-09,"Benghazi, Libya",54,36
1958-08-12,"Sakiya Saugye, Japan",33,33
1958-08-12,"Maraso Bay, Brazil",10,10
1958-08-14,"North AtlantiOcean, 100 miles W of Galway Bay, Ireland",99,99
1958-08-15,"Nantucket, Massachusett",34,24
1958-08-15,"Near Chita, Russia",64,64
1958-09-02,"Sasnashen, Russia",17,17
1958-09-02,"London, England",3,3
1958-09-02,Off Guam,19,19
1958-09-05,"Campina Grande, Brazil",18,13
1958-09-08,"Near Fairchild AFB, Washington DC",16,13
1958-09-09,"Mount Oyama, Japan",8,8
1958-09-15,"Triel, France",15,15
1958-09-29,Over the Mediterranean Sea,5,5
1958-10-09,"Payette, Idaho",19,19
1958-10-14,"Mt. Alto del Cedro, Venezuela",23,23
1958-10-15,"Villa Montes, Bolivia",20,20
1958-10-17,"Near Kanash, Russia",80,80
1958-10-18,"Placentia Bay, Canada",29,11
1958-10-22,"Anzio, Italy",31,31
1958-11-01,"Nipe Bay, Cuba",20,17
1958-11-03,"Near Roccatamburo di Poggiodomo, Italy",8,8
1958-11-08,"La Paz, Bolivia",3,3
1958-11-09,North AtlantiOcean,36,36
1958-11-16,"Fort Collins, Colorado",2,2
1958-12-04,"Guadarrama Mountains, Spain",21,21
1958-12-24,"Winkton, England",12,9
1958-12-26,"Salisbury, Zimbabwe",70,3
1958-12-30,"Rio de Janeiro, Brazil",37,21
1962-01-13,"Near Tippi, Ethiopia",18,5
1959-01-06,"Mt. Pena Blanca, Guatemala",5,5
1959-01-08,"Mt. Holston, Tennessee",10,10
1959-01-11,"Rio de Janeiro, Brazil",39,36
1959-01-14,"Panther Peak, California",2,2
1959-01-16,"Off Mar del Plata, Argentina",52,51
1959-01-21,"Near Merida, Venezuela",4,4
1959-01-22,"Dabouk, Jordan",15,10
1959-01-27,"Brindisi, Italy",6,2
1959-02-01,"Kerrville, Texas",28,3
1959-02-03,"Mason City, Iowa",4,4
1959-02-03,"La Guardia Airport, New York, NY",73,65
1959-02-17,"Gatwick, Surrey, England",24,14
1959-02-18,"Belen, Chile",5,5
1959-11-21,"Beirut, Lebanon",27,24
1959-03-05,"Managua, Nicaragua",19,15
1959-03-12,"Tobu, India",7,5
1959-03-13,"Mahon, Spain",18,1
1959-03-29,"Near Banga, Central African Republic",9,9
1959-03-29,"Near Silchar, India",24,24
1959-03-30,"Alma, Georgia",2,2
1959-04-17,"Puerto Kino, Mexico",26,26
1959-04-23,"Van, Turkey",12,12
1959-04-29,"Valdemeca, Spain",28,28
1959-05-02,"Mallorca, Spain",5,5
1959-05-12,"Charleston, West Virginia",44,2
1959-05-12,"Chase, Maryland",31,31
1959-05-13,"Near Toumavista, Peru",12,12
1959-05-15,"Off Mar del Plata, Aregntina",10,10
1959-05-21,"Moro, Peru",8,8
1959-06-01,Nicaragua,60,60
1959-06-23,"Cerros Baco, Peru",14,14
1959-06-26,"Near Varese, Lombardia, 20 miles NW of Milan, Italy",68,68
1959-06-30,"Ishikawa City, Ryukyu Island, Okinawa",1,0
1959-08-03,"Sagone, India",6,6
1959-08-14,"Karachi, Pakistan",3,2
1959-08-15,"Calverton, New York",5,5
1959-08-19,"Near Barcelona, Spain",32,32
1959-08-27,"Near Asuncion, Paraguay",50,2
1959-09-02,"Abilene, Texas",2,2
1959-09-08,"Poza Rica, Mexico",16,1
1959-09-12,"Near Tegucigalpa, Honduras",3,3
1959-09-23,"Sao Paulo, Brazil",20,20
1959-09-24,"Bordeaux, France",65,53
1959-09-24,"Great Sitkin Island, Alaska",16,16
1959-09-29,"Buffalo, Texas",34,34
1959-10-26,"Santa Maria, California",19,1
1959-10-29,"Athens, Greece",18,18
1959-10-30,"Waynesborough, Virginia",27,26
1959-11-04,"St. Cleophas, Quebec, Canada",5,5
1959-11-16,Gulf of Mexico,42,42
1959-11-16,"Lvov, Ukraine, USSR",40,40
1959-11-24,"Chicago, Illinois",3,3
1959-12-01,"Willamsport, Pennsylvania",26,25
1959-12-08,"Off Cartagena, Colombia",45,45
1959-12-13,"Near Tashkent, Uzbekistan, USSR",29,29
1959-12-17,"Ketchikan, Alaska",3,3
1959-12-21,"Rome, Italy",2,2
1959-12-22,"Rid de Janeiro, Brazil",33,33
1959-12-24,"Palembang, Indonesia",2,1
1959-12-31,"Near San Jose de Chiquitos, Bolivia",11,11
1960-01-03,"Taksing, India",9,9
1960-01-06,"Wilmington-Bolivia, North Carolina",34,34
1960-01-10,Gulf of Sirte,10,10
1960-01-18,"Charles City, Virginia",50,50
1960-01-19,"Ankara, Turkey",42,42
1973-05-11,"Near Semipalatinsk, USSR",61,61
1960-01-21,"Montego Bay, Jamacia",46,37
1960-01-26,"Off Bathurst Island, Australia",9,9
1960-02-05,"Laguna de Huana-Costa , Boliva",59,59
1960-02-26,"Rio de Janeiro, Brazil",61,61
1960-02-26,"Shannon, Ireland",52,34
1960-02-26,"Lvov, Ukraine, USSR",32,32
1960-03-15,"El Refugio, Colombia",13,6
1960-03-16,"Near Tokyo, Japan",33,3
1960-03-17,"Near Cannelton, 10 mile SE of Tell City, Indiana",63,63
1960-03-19,"Cordoba, Colombia",46,25
1960-04-05,"Siuna, Nicaragua",18,2
1960-04-12,"Pelotas, Brazil",22,10
1960-04-14,"Taipei ,Taiwan",18,18
1960-04-18,"Stephenville, Newfoundland",9,9
1960-04-19,"Bogota, Colombia",51,37
1960-04-20,"Hickory, North Carolina",44,4
1960-04-22,"Bunia, Belgian Congo",35,35
1960-04-28,"Near Calabozo, Venezuela",13,13
1960-05-15,"Jebel Marra, Sudan",12,12
1960-09-07,"Near Salto, Uruguay",31,31
1960-05-18,"El Sosneado, Argentina",10,10
1960-05-23,"Atlanta, Georgia",4,4
1960-06-10,"Off  Mackay, Qld. Australia",29,29
1960-06-14,"Mt. Gilbert, Alaska",14,14
1960-06-24,"Rio de Janeiro, Brazil",54,54
1960-07-06,"Off Barnegat City, New Jersey",21,18
1960-07-10,Persian Gulf,16,16
1960-07-11,"Near Quito, Ecuador",18,18
1960-07-14,"Off Manila, Philippines",58,1
1960-07-15,"Near Jima, Ethiopia",11,1
1960-07-19,"Near Goma, Zaire",41,37
1960-07-27,"Forest Park, Illinois",13,13
1960-07-31,"Near Rimini, Italy",34,1
1960-08-01,"Near Tipuani, Bolivia",6,6
1960-08-17,"Kiev, Ukraine, USSR",35,35
1960-08-17,"Near El Kelaa, Morocco",20,20
1960-08-24,"Off Heraklion, Greece",3,3
1960-08-29,"Off Dakar, Senegal",63,63
1960-09-19,"Agana, Guam, Mariana Islands",94,80
1960-09-22,"Off Naha, Okinawa",29,29
1960-09-26,"Moscow, Russia",37,31
1960-09-28,"Near Juchetipec, Mexico",18,8
1960-09-29,"Off Elba, Italy",21,21
1960-10-04,"Boston, Massachusett",72,62
1960-10-14,"Elba, Italy",11,11
1960-10-15,"Plain City, Utah",2,2
1960-10-21,"Ust-Orda, Russia",3,3
1960-10-28,"Near Missoula, Montana",12,12
1960-10-29,"Toledo, Ohio",48,22
1960-11-05,"Bhairawa, Nepal",4,4
1960-11-07,"Near Quito, Ecuador",37,37
1960-11-23,"Manila, Philippines",33,33
1960-12-07,"Cachimbo, Brazil",15,15
1960-12-11,"San Andres de Giles, Argentina",31,31
1961-04-03,"Llico, Chile",24,24
1961-05-10,"Stah, Algeria",78,78
1961-05-24,"Near Tacoma, Washington",22,22
1960-12-16,"Staten Island - Brooklyn, New York",128,128
1960-12-17,"Munich, West Germany",20,20
1960-12-22,"Cebu City, Philippines",37,28
1961-01-02,"Ruzyne, Czechoslovakia",10,10
1961-01-03,"Koivulahti, Finland",25,25
1961-01-19,"New York, New York (Idlewild)",106,4
1961-01-22,Midway Island Naval Air Station,22,6
1961-01-24,"Mt. Burangrang, Indonesia",21,21
1961-01-26,"Off Argentia, Azores",23,23
1961-01-28,"Off Montauk Point, New York",6,6
1961-02-03,"Off Surabaya, Indonesia",26,26
1961-02-15,"Near Brussels, Belgium",72,72
1961-03-09,"Near Caracas, Venezuela",12,12
1961-03-25,"Near Natal, Brazil",28,23
1961-03-28,"Russelbach, East Germany",52,52
1961-05-29,Singapore,13,13
1961-05-30,"Near Lisbon, Portugal",61,61
1961-06-12,"Cairo, Egypt",36,20
1961-06-17,"Near Kano, Nigeria",7,1
1961-06-30,"Buenos Aires, Argentina",35,24
1961-07-10,"Odessa, Ukraine, USSR",85,1
1961-07-11,"Denver, Colorado",122,17
1961-07-12,"Casablanca, Morocco",72,72
1961-07-19,"Near Azul, Argentina",67,67
1961-07-21,"Shemya, Alaska",6,6
1961-08-06,"Budapest, Hungary",27,27
1961-08-09,"Sola, Norway",39,39
1961-08-13,"Near Pha Khao, Laos",6,6
1961-08-29,"Sondreströmfjord, Greenland",6,1
1961-09-01,"Near Hinsdale, Illinois",78,78
1961-09-05,"Near Sendafar, Ethiopia",19,5
1961-09-06,"Cerro del Aernal, Costa Rica",2,2
1961-12-29,"Surabaya, Indonesia",14,14
1961-09-10,"Shannon, Ireland",83,83
1961-09-12,"Near Rabat, Morrocco",77,77
1961-09-17,"Ndola, Zambia",16,16
1961-09-17,"Chicago, Illinois",37,37
1961-09-23,"Ankara, Turkey",29,28
1961-10-07,"Mt. Canigou, France",34,34
1961-10-10,"El Adem, Libya",37,17
1961-11-01,"Les Prevosts, Guernsey",10,2
1961-11-01,"Near Recife, Brazil",45,45
1961-11-08,"Near Richmond, Virginia",79,77
1961-11-11,Off Puerto Rico,3,3
1961-11-23,"Campinas, Brazil",52,52
1961-11-23,Sao Tomé,35,21
1961-11-30,"Sydney, NSW, Australia",15,15
1961-12-04,"Mainz, Germany",3,3
1961-12-12,"Chievres, Belgium",13,13
1961-12-15,"Managua, Nicaragua",2,2
1961-12-21,"Ankara, Turkey",34,27
1961-12-24,"Old Harbor, Kodiak Island, Alaska",5,1
1962-01-22,"Caranavi ,Bolivia",6,6
1962-01-27,"Batataevka, USSR",13,13
1962-02-04,"Near Tino Maria, Peru",18,18
1962-02-25,"Portlamar, Margarita Island, Venezuela",23,23
1962-02-25,"Municipio de Marulanda, Colombia",2,2
1962-03-01,"Jamaica Bay, New York, New York",95,95
1962-03-04,"Douala, Cameroon",111,111
1962-03-06,"Near Seymour, South Africa",7,2
1962-03-08,"Mt. Medetsiz, Turkey",11,11
1962-03-08,"Rome, Italy",5,5
1962-03-08,"Near Alencon, France",15,15
1962-03-15,"Adak, Alaska",7,1
1962-03-15,"Western PacifiOcean, Philippine Sea",107,107
1962-03-20,Algeria,11,11
1962-03-27,"Santiago de Cuba, Cuba",22,22
1962-04-06,"Near Villavicencio, Colombia",31,31
1962-04-22,"Serrania del Baudo, Colombia",40,40
1962-10-12,"Near Camona, Spain",18,18
1962-05-06,"Near Portsmouth, England",18,12
1962-05-08,"Near Mong Pa Liao, Burma",32,32
1962-05-09,"Vitoria, Brazil",25,23
1962-05-12,"Godthaab, Greenland",21,15
1962-05-15,"Near Cairo, Egypt",3,3
1962-05-17,"Near Nairobi, Kenya",13,13
1962-05-22,"Near Markt Schwaben, West Germany",26,26
1962-05-22,"Near Unionville, Missouri",45,45
1962-06-03,"Villeneuve-le-Roi, Val-de-Marne, France",132,130
1962-06-04,"Sofia, Bulgaria",5,5
1962-06-22,"Basse-Terre, Guadaloupe, West Indies",112,112
1962-06-28,"Near Adler, Russia",81,81
1962-06-30,"Near Krasnoyarsk, USSR",84,84
1962-07-06,"Near Tashkent, Uzbekistan, USSR",14,14
1962-07-07,"Near Junnar, Maharashtra, India",94,94
1962-07-09,"Off Brindisi, Italy",6,6
1962-07-15,"Near Lahore, Pakistan",3,1
1962-07-16,"Loheshyphn, India",9,9
1962-07-19,"Near Bangkok, Thailand",26,26
1962-07-22,"Honolulu, Hawaii",40,27
1962-07-28,"Sochi, Russia",81,81
1962-07-30,"Coulommiers, France",8,4
1962-08-01,"Near Kathmandu, Nepal",10,10
1962-08-20,"Rio de Janerio, Brazil",105,15
1962-08-23,"Berranca Bermeja, Colombia",32,20
1962-08-24,"Cerro Puena Paz, Peru",9,9
1962-09-02,"Near Khabarovsk, USSR",86,86
1962-09-03,"Yanoyaki, Japan",12,12
1962-09-04,"Near Lake Milton, Ohio",13,13
1962-09-10,"Brno, Czechoslovakia",34,11
1962-09-10,"Near Milan, Washington",44,44
1962-09-10,"Near Alcoche, Bolivia",4,4
1962-09-21,"Sela, India",8,8
1962-09-23,North AtlantiOcean,76,28
1962-10-10,"Spt-Îles, Quebec, Canada",19,2
1962-10-12,"Manila, Philippines",3,3
1973-10-12,"Acapulco, Mexico",8,8
1962-10-19,"Windsor Locks, Connecticut",52,1
1962-10-25,"Near Moscow, Russia",10,10
1962-11-10,"Near Tourane, South Vietnam",27,27
1962-11-19,"Near Nagoya, Japan",4,4
1962-11-23,"Ellicott, Maryland",18,18
1962-11-23,Sao Tomé & Principe,37,23
1962-11-23,"Le Bourget, France",21,21
1962-11-26,"Paraibuna, Brazil",26,26
1962-11-27,"Lima, Peru",97,97
1962-11-30,"New York, New York",51,25
1962-12-06,"Barranca Bermeja, Colombia",26,24
1962-12-14,"Near Manaus, Brazil",50,50
1962-12-14,"Burbank, California",5,5
1962-12-19,"Warsaw, Poland",33,33
1962-12-20,"Kadena AB, Okinawa",12,12
1962-12-22,"Near Brasilia, Brazil",40,1
1962-12-28,"Rotterdam, The Netherlands",18,1
1962-12-29,"Monte Renosa, Corsica, France",25,25
1964-03-10,"Grand Isle, Louisana",2,2
1963-01-14,"Barter Island, Alaska",6,5
1963-01-15,"Sao Paulo, Brazil",45,13
1963-01-17,"Great Salt Lake, Utah",3,3
1963-01-26,"Kotzebue, Alaska",2,1
1963-01-29,"Kansas City, Missouri",8,8
1963-01-30,"Off Patuxent River, Maryland",14,14
1963-02-01,"Ankara, Turkey",17,17
1963-02-03,"San Francisco, California",8,3
1963-02-08,"Syktyvkar ,Russia",7,7
1963-02-12,"Near Miami, Florida",43,43
1963-02-28,"Boston, Massachusetts",26,0
1963-03-02,"Near Davao City, Philippines",27,27
1963-03-05,"Camden, Tennesee",4,4
1963-03-15,"Near Karai, Iran",4,4
1963-03-15,"Near Charana, Bolivia",41,41
1963-03-20,"Monte Matto, Italy",18,18
1963-03-23,"Misaki Mountain, Japan",10,10
1964-11-20,"Angelholm, Sweden",43,31
1963-03-30,"Near Sora, Italy",11,11
1963-04-14,"Oslo, Norway",12,12
1963-05-03,"Near Buca, Cameroon",55,55
1963-05-03,"Sao Paulo, Brazil",50,37
1963-05-12,"Near Ayayda, Egypt",34,34
1963-06-03,"PacifiOcean, 116 miles WSW of Annette Island, Alaska",101,101
1963-06-03,"Sama, India",29,29
1963-06-10,"Yunnan, Burma",20,20
1963-06-16,"Bekkessamson, Romainia",31,31
1963-06-16,"Near Aysen, Chile",20,19
1963-06-23,"Nar Augustdorf, West Germany",47,38
1963-06-26,"Detmold, Germany",47,38
1963-07-01,"Passo Fundo, Brazil",18,15
1963-07-02,"Rochester, New York",43,7
1963-07-03,"Mt. Ngatamahinerua, New Zealand",23,23
1963-07-13,"Near Irkutsk, Russia",35,35
1963-07-15,"Farafangana, Madagascar",12,6
1963-07-17,"Pak Tha, Laos",6,6
1963-07-27,"Off Bandra, Maharashtra, India",63,63
1963-08-08,"Wemmershoek Mountains, South Africa",13,13
1963-08-12,"Lyon, France",20,20
1963-08-14,"Near Great Falls, Montana",2,1
1963-08-17,"Hachijo-Jima Island, Japan",19,19
1963-08-21,"Near Leningrad , Russia",52,0
1963-08-28,"Off Miami, Florida",16,16
1963-09-04,"Durrenasch, Aargau, Switzerland",80,80
1963-09-11,"Perpignan, France",40,40
1963-09-11,"Near Patti, India",18,18
1963-09-22,"Off Dover, Deleware",10,10
1963-10-09,"Near Marseilles, France",6,6
1963-10-14,"Jamaica, New York",6,6
1963-10-18,"Near Aswan, Egypt",31,31
1963-10-20,"Hayes Island, Russia",5,5
1963-10-22,"Near Tisbury, England",7,7
1963-11-08,"Mariehamn, Aaland Island, Finland",24,22
1963-11-29,"Ste. Therese de Blainville, Canada",118,118
1963-12-07,"Near Nederland, Colorado",3,3
1963-12-08,"Elkton, Maryland",81,81
1963-12-12,"Gazni, Afghanistan",3,3
1963-12-15,"Cairo, Egypt",6,6
1963-12-17,"Los Angeles, California",46,0
1964-01-09,"Zarate, Argentina",30,28
1964-01-22,"Prescott, Arizona",2,2
1964-02-03,"Near Ankara, Turkey",3,3
1964-02-03,"Gainsville, Florida",10,10
1964-02-04,"Yacuiba, Bolivia",29,2
1964-02-08,"Freeport, Bahamas",4,4
1964-02-15,"Detroit, Michigan",4,4
1964-02-18,"Banihal Pass, India",13,13
1964-02-21,"Marawi, Philippines",32,31
1964-02-22,"Barrackpore, India",22,22
1964-02-22,"Near Forsyth, Montana",2,2
1964-02-25,"Lake Pontchartrain, New Orleans, Louisiana",58,58
1964-02-27,"Oita, Japan",42,20
1964-02-29,"Near Innsbruck, Austria",83,83
1964-03-01,"Near Zephyr Cove, Nevada",85,85
1964-03-08,"Bogota, Colombia",28,28
1964-03-08,Near Chicago Illinois,30,1
1964-03-10,"Boston, Massachutes",3,3
1964-03-12,"Miles City, Montana",5,5
1964-03-20,"Near Danbury, North Carolina",3,3
1964-03-28,"Mt. Vesuvius, Italy",45,45
1964-03-28,North PacifiOcean,9,9
1964-04-12,"Hargeisa, Somalia",15,15
1964-04-17,"Dahran, Saudi Arabia",49,49
1964-04-17,"Elim, Alaska",2,2
1964-05-07,"San Ramon, California",44,44
1964-05-08,"Cerro El Gaital, Panama",10,10
1964-05-08,"Near Lima, Peru",49,46
1964-05-11,"Papanga, Philippines",84,79
1964-05-20,"Sibuco Point ,Philippines",11,11
1964-05-27,,3,3
1964-06-04,"Mason, Texas",3,3
1964-06-13,,2,2
1964-06-19,"Southhampton, Massachusetts",5,2
1964-06-20,"Taichung, Taiwan",57,57
1964-06-21,"Off Palma de Mallorca, Spain",28,1
1964-07-07,"Martinsville, Virginia",5,5
1964-07-08,"Knoxville, Tennessee",53,1
1964-11-23,"Rome, Italy",73,50
1964-07-09,"Parrottsville, Tennesee",39,39
1964-07-14,"Reno, Nevada",3,3
1964-07-16,"Richmond, Virginia",76,0
1964-07-31,"Near Nashville, Tennesee",2,2
1964-08-02,"Willow, Alaska",3,3
1964-08-05,"East Falmouth, Massachusetts",2,2
1964-08-22,Near Tipuani (Bolivia,4,4
1964-09-02,"Island of Sakhalin, Russia",87,87
1964-09-04,"Pico da Caledonia, Brazil",39,39
1964-09-04,"Near Vaong Nong, Thailand",34,28
1964-09-15,"Near Condoto, Colombia",2,2
1964-10-02,"Near Trevelez, Granada, Spain",80,80
1964-10-02,"Addis Ababa, Ethiopia",7,1
1964-10-09,"Near Sibiu, Romania",32,32
1964-10-16,"Crown King, Arizona",2,2
1964-10-19,"Near Belgrade, Yugoslavia",33,33
1964-11-03,"Branson, Colorado",5,5
1964-11-15,"Las Vegas, Nevada",29,29
1964-11-17,"Off Argentia, Newfoundland, Canada",10,10
1965-09-27,"Bao Trai, Vietnam",3,3
1964-11-29,"Leopoldville, Zaire",14,6
1964-12-04,"Fayetteville, Arkansas",5,4
1964-12-08,"Tripuani, Bolivia",17,17
1964-12-11,"Near Da Nang, South Vietnam",38,38
1964-12-21,"Near Kaliba, Philippines",39,1
1964-12-24,"Yurimaguas, Peru",23,1
1964-12-24,"Near San Francisco, California",3,3
1964-12-29,"Near Turrialba, Costa Rica",5,5
1964-12-30,"Detroit, Michigan",4,4
1965-01-05,"Kla City, Oklohoma",3,3
1965-01-13,"Fairbanks, Alaska",2,2
1965-01-16,"Wichita, Kansas",17,17
1965-01-17,"Near Durango, Mexico",10,10
1965-01-22,Mt. Helmos. Greece,10,10
1965-02-03,"Garoua, Cameroon",4,4
1965-02-06,"San Jose Volcano, Chile",87,87
1965-02-08,"Off Jones Beach, New York, New York",84,84
1965-02-13,"Miami, Florida",2,2
1965-02-14,"Mt. Nakanoone, Japan",2,2
1965-02-14,"South Beach, New York",2,2
1973-10-15,"Fort Smith AFB, Oklahoma",7,7
1965-03-08,"Libmanan, Philippines",12,10
1965-03-08,"Kuybyshev,  Russia",25,25
1965-03-17,"Musquodoboit, Canada",8,8
1965-03-22,"Sugar Loaf Mountain, Colombia",28,28
1965-03-25,"Off San Juan, Puerto Rico",16,16
